PROVEEDOR,NUMERODELICITACION,TIPODECOMPRA,NUMERO DE CONTRATO,CODIGOSSA,CLAVEARTICULO,NOMBREMEDICAMENTO,UNIDADDEMEDIDA,MARCA,LABORATORIO,PRECIOUNITARIOCONDESCUENTO,SURTIDO
"MAYPO, S.A. DE C.V.",LA-050GIR047-E71-2018,CONSOLIDADA,DA-SRM-LPN008/2019,010.000.5107.00,02-01-0787,"ALTEPLASA, 50 MG 10,000 UI  ",JERINGA PRELLENADA,ACTILYSE,"BOEHRINGER INGELHEIM MEXICO, S.A. DE C.V.","$4,239.24",4
,,CONSOLIDADA,,040.000.2098.00,02-02-0098,"BUPRENORFINA TRANSDERMICA, 20 MG",PARCHE,,,,28
,,CONSOLIDADA,,040.000.2097.00,02-02-0097,"BUPRENORFINA TRANSDERMICA, 30 MG",PARCHE,,,,28
"COMERCIALIZADORA DE PRODUCTOS INSTITUCIONALES, S.A. DE C.V. ",LA-050GIR047-E44-2018,CONSOLIDADA,DA-SRM-LPN001/2019,"010.000.1541.00
010.000.1541.01
010.000.1541.02",02-01-0694,"CARBETOCINA, 100 MCG/ML",ÁMPULA,,,$331.01,148
"DISTRIBUIDORA INTERNACIONAL DE MEDICAMENTOS Y EQUIPO MÉDICO, S.A. DE C.V.",LA-050GIR047-E44-2018,CONSOLIDADA,DA-SRM-LPN003/2019,"010.000.0247.00
010.000.0247.01
010.000.0247.02",02-01-0607,"DEXMEDETOMIDINA, 200 MCG/2 ML",FRASCO ÁMPULA,,,$48.97,2476
"DISTRIBUIDORA INTERNACIONAL DE MEDICAMENTOS Y EQUIPO MÉDICO, S.A. DE C.V.",LA-050GIR047-E44-2018,CONSOLIDADA,DA-SRM-LPN003/2019,"010.000.4242.00
010.000.4242.01",02-01-0414,"ENOXAPARINA, 20 MG/2 ML",JERINGA PRELLENADA,,,$40.60,326
"GRUPO FÁRMACOS ESPECIALIZADOS, S..A DE CV",LA-050GIR047-E45-2018,CONSOLIDADA,DA-SRM-LPN005/2019,"010.000.2154.00
010.000.2154.01",02-01-0511,"ENOXAPARINA, 40 MG/2 ML",JERINGA PRELLENADA,CLEXANE,"SANOFI AVENTIS WINTHROP, S.A. DE C.V.",$42.10,3284
"GRUPO FÁRMACOS ESPECIALIZADOS, S..A DE CV",LA-050GIR047-E45-2018,CONSOLIDADA,DA-SRM-LPN005/2019,"010.000.4224.00
010.000.4224.01",02-01-0605,"ENOXAPARINA, 60 MG/2 ML",JERINGA PRELLENADA,"BOLENTAX,DENEPAR","PISA, ",$56.15,1932
"DISTRIBUIDORA INTERNACIONAL DE MEDICAMENTOS Y EQUIPO MÉDICO, S.A. DE C.V.",LA-050GIR047-E64-2018,CONSOLIDADA,DA-SRM-LPN011/2019,010.000.5332.00,02-01-0750,ERITROPOYETINA HUMANA RECOMBINANTE 2000 UI  1 ML,FRASCO ÁMPULA,,,$260.00,5
"MAYPO, S.A. DE C.V.",LA-050GIR047-E71-2018,CONSOLIDADA,DA-SRM-LPN008/2019,"010.000.4148.00
010.000.4148.01",02-01-0712,"INSULINA LISPRO RECOMBINANTE, PROTAMINA 25/75  ",FRASCO ÁMPULA,HUMALOG MIX,LILLY,$280.23,1
"DISTRIBUIDORA INTERNACIONAL DE MEDICAMENTOS Y EQUIPO MÉDICO, S.A. DE C.V.",LA-050GIR047-E45-2018,CONSOLIDADA,DA-SRM-LPN004/2019,"010.000.5097.00
010.000.5097.01",02-01-0675,"LEVOSIMENDAN, 2.5 MG/ML",FRASCO ÁMPULA,,,,14
"DISTRIBUIDORA INTERNACIONAL DE MEDICAMENTOS Y EQUIPO MÉDICO, S.A. DE C.V.",LA-050GIR047-E44-2018,CONSOLIDADA,DA-SRM-LPN003/2019,010.000.5100.01,02-01-0609,"MILRINONA, 10 MG/10 ML",FRASCO ÁMPULA,,,"$2,838.79",35
"VITASANITAS, S.A. DE C.V.",LA-050GIR047-E71-2018,CONSOLIDADA,DA-SRM-LPN009/2019,010.000.4248.00,01-07-0300,"SELLADORES DE FIBRINA, 3 ML (CONCENTRADO DE PROTEÍNA HUMANA COAGULABLE)",KIT,BERIPLAST,CS BHERING,"$5,356.58",0
"DISTRIBUIDORA INTERNACIONAL DE MEDICAMENTOS Y EQUIPO MÉDICO, S.A. DE C.V.",LA-050GIR047-E63-2018,CONSOLIDADA,DA-SRM-LPN010/2019,010.000.0233.00,02-01-0569,"SEVOFLURANO, 250 ML",FRASCO,FLOVES,"PISA, ","$1,496.00",240
,,CONSOLIDADA,,010.000.5363.00,02-01-0763,"TOPIRAMATO, 100 MG  ",TABLETA,,,,13
"GRUPO FÁRMACOS ESPECIALIZADOS, S..A DE CV",LA-050GIR047-E45-2018,CONSOLIDADA,DA-SRM-LPN005/2019,010.000.4111.00,02-01-0214,"TRINITRATO DE GLICERILO, 5 MG",PARCHE,"NITRODERM TTS,MINITRAL","NOVARTIS, ",$7.02,13
"GRUPO FÁRMACOS ESPECIALIZADOS, S..A DE CV",LA-050GIR047-E71-2018,CONSOLIDADA,DA-SRM-LPN007/2019,"010.000.5335.00
010.000.5335.01",02-01-0603,"FOSFOLIPIDOS DE PULMON PORCINO, 80MG/ML, 3ML",FRASCO ÁMPULA,CUROSURF,CHIESI,"$11,218.00",14
"MAYPO, S.A. DE C.V.",LA-050GIR047-E45-2018,CONSOLIDADA,DA-SRM-LPN006/2019,010.000.4552.00,02-01-0023,SERO ALBUMINA HUMANA 20% 50ML.,FRASCO ÁMPULA,"BIOMINA, OCTALBIN, GRIFOLS, PROBIALBUMIN, BHERING, ALBUNATE,KEDRIAL, ",,$599.69,825
"MAYPO, S.A. DE C.V.",LA-050GIR047-E71-2018,CONSOLIDADA,DA-SRM-LPN008/2019,010.000.5117.00,02-01-0778,"TENECTEPLASA 10,000 UI, 50MG/10ML ",JERINGA PRELLENADA/ FRASCO ÁMPULA/AMPULA,METALYSE,"BOEHRINGER INGELHEIM MEXICO, S.A. DE C.V.",7947.73,1
"DISTRIBUIDORA INTERNACIONAL DE MEDICAMENTOS Y EQUIPO MÉDICO, S.A. DE C.V.",LA-012NBB001-E8-2019,SUBROGADA,HGMGG-LPN-01-2019,060.016.0287.00,02-06-0006,ACEITE DE SILICÓN PURIFICADO ESTÉRIL,FRASCO ,FRASCO ÁMPULA ,"BAUSCH & LOMB MEXICO, S.A. DE C.V.","$2,875.00",0
"DISTRIBUIDORA INTERNACIONAL DE MEDICAMENTOS Y EQUIPO MÉDICO, S.A. DE C.V.",LA-012NBB001-E8-2020,SUBROGADA,HGMGG-LPN-01-2020,010.000.0624.00/010.000.0624.01 (20 y 30),02-01-0005,"ACENOCUMAROL, 4 MG",TABLETA,CAJA CON BLISTER DE 20 O 30 TABLETAS,FITROMTEC,$1.94,178
"DISTRIBUIDORA INTERNACIONAL DE MEDICAMENTOS Y EQUIPO MÉDICO, S.A. DE C.V.",LA-012NBB001-E8-2021,SUBROGADA,HGMGG-LPN-01-2021,010.000.2302.00 (20),02-01-0325,"ACETAZOLAMIDA, 250 MG",TABLETA,CAJA CON BLISTER DE 20 TABLETAS,"LABORATORIOS KENER, S.A. DE C.V.",$16.47,37
"DISTRIBUIDORA INTERNACIONAL DE MEDICAMENTOS Y EQUIPO MÉDICO, S.A. DE C.V.",LA-012NBB001-E8-2022,SUBROGADA,HGMGG-LPN-01-2022,010.000.4326.00 (5),02-01-0701,"ACETILCISTEINA, 20% (400 MG)",ÁMPULA,ÁMPULA,"LABORATORIOS RUSSEK, S. DE R.L. DE C.V.",$191.67,26
"DISTRIBUIDORA INTERNACIONAL DE MEDICAMENTOS Y EQUIPO MÉDICO, S.A. DE C.V.",LA-012NBB001-E8-2023,SUBROGADA,HGMGG-LPN-01-2023,010.000.2900.00,02-01-0668,"ACETILCOLINA, 20 MG",ÁMPULA,ÁMPULA,"NOVARTIS FARMACEUTICA, S.A. DE C.V.","$1,250.00",0
"DISTRIBUIDORA INTERNACIONAL DE MEDICAMENTOS Y EQUIPO MÉDICO, S.A. DE C.V.",LA-012NBB001-E8-2024,SUBROGADA,HGMGG-LPN-01-2024,010.000.4264.00 (5),02-01-0326,"ACICLOVIR SODICO, 250 MG/10 ML",FRASCO ÁMPULA,FRASCO ÁMPULA ,"LABORATORIOS PISA, S.A. DE C.V.",$117.70,1191
"DISTRIBUIDORA INTERNACIONAL DE MEDICAMENTOS Y EQUIPO MÉDICO, S.A. DE C.V.",LA-012NBB001-E8-2025,SUBROGADA,HGMGG-LPN-01-2025,FCB,02-01-0739,"ACIDO ACETILSALICILICO, 100 MG",TABLETA,,"ULTRA LABORATORIOS, S.A. DE C.V.",$0.59,1276
"DISTRIBUIDORA INTERNACIONAL DE MEDICAMENTOS Y EQUIPO MÉDICO, S.A. DE C.V.",LA-012NBB001-E8-2026,SUBROGADA,HGMGG-LPN-01-2026,010.000.0101.00 (20),02-01-0011,"ACIDO ACETILSALICILICO, 500 MG",TABLETA,CAJA CON BLISTER DE 20 TABLETAS,ASAWIN,$0.48,90
"DISTRIBUIDORA INTERNACIONAL DE MEDICAMENTOS Y EQUIPO MÉDICO, S.A. DE C.V.",LA-012NBB001-E8-2027,SUBROGADA,HGMGG-LPN-01-2027,010.000.4237.00,02-01-0795,"ÁCIDO AMINOCAPROICO, 4 G",SOLUCIÓN,ÁMPULA ,HOSPIRA S.DE R.L. DE C.V.,$833.34,0
"DISTRIBUIDORA INTERNACIONAL DE MEDICAMENTOS Y EQUIPO MÉDICO, S.A. DE C.V.",LA-012NBB001-E8-2028,SUBROGADA,HGMGG-LPN-01-2028,010.000.5229.00 (6),02-01-0579,"ACIDO ASCORBICO, 1 G/10 ML",ÁMPULA,CAJA CON 6 ÁMPULAS,"LABORATORIOS PISA, S.A. DE C.V.",$21.89,4385
"DISTRIBUIDORA INTERNACIONAL DE MEDICAMENTOS Y EQUIPO MÉDICO, S.A. DE C.V.",LA-012NBB001-E8-2029,SUBROGADA,HGMGG-LPN-01-2029,010.000.1706.00/010.000.1706.01 (20 Y 92),02-01-0573,"ACIDO FOLICO, 5 MG",TABLETA,CAJA O FRASCO CON 20 O 92 TABLETAS,A.F. VALDECASAS,$0.35,227
"DISTRIBUIDORA INTERNACIONAL DE MEDICAMENTOS Y EQUIPO MÉDICO, S.A. DE C.V.",LA-012NBB001-E8-2030,SUBROGADA,HGMGG-LPN-01-2030,010.000.4185.00/010.000.4185.01 (50 Y 60),02-01-0796,"ÁCIDO URSODEOXICÓLICO, 250 MG",CÁPSULA,CAJA CON BLISTERS DE 50 O 60 CÁPSULAS,"LABORATORIOS PISA, S.A. DE C.V.",$6.04,193
"DISTRIBUIDORA INTERNACIONAL DE MEDICAMENTOS Y EQUIPO MÉDICO, S.A. DE C.V.",LA-012NBB001-E8-2031,SUBROGADA,HGMGG-LPN-01-2031,FCB,02-01-0776,"ACIDO VALPROICO,  500  MG/ 5 ML",SOLUCIÓN,CAJA CON 1 FRASCO ÁMPULA,DEPAKENE,$542.91,422
"DISTRIBUIDORA INTERNACIONAL DE MEDICAMENTOS Y EQUIPO MÉDICO, S.A. DE C.V.",LA-012NBB001-E8-2032,SUBROGADA,HGMGG-LPN-01-2032,010.000.2620.00 (60),02-01-0355,"ACIDO VALPROICO, 250 MG",CÁPSULA,ENVASE CON 60 CÁPSULAS,DEPAKENE,$5.93,263
"DISTRIBUIDORA INTERNACIONAL DE MEDICAMENTOS Y EQUIPO MÉDICO, S.A. DE C.V.",LA-012NBB001-E8-2033,SUBROGADA,HGMGG-LPN-01-2033,010.000.2620.00 (60),02-01-0568,"ACIDO VALPROICO, 250 MG/5 ML, SUSPENSION",FRASCO,FRASCO CON 40 ML ,"LABORATORIOS PISA, S.A. DE C.V.",$344.87,14
"DISTRIBUIDORA INTERNACIONAL DE MEDICAMENTOS Y EQUIPO MÉDICO, S.A. DE C.V.",LA-012NBB001-E8-2034,SUBROGADA,HGMGG-LPN-01-2034,010.000.5099.00  (6),02-01-0608,"ADENOSINA, 6 MG/2 ML",FRASCO ÁMPULA,FRASCO ÁMPULA ,"LABORATORIOS PISA, S.A. DE C.V.",$347.97,240
"DISTRIBUIDORA INTERNACIONAL DE MEDICAMENTOS Y EQUIPO MÉDICO, S.A. DE C.V.",LA-012NBB001-E8-2035,SUBROGADA,HGMGG-LPN-01-2035,010.000.0566.00 (30),02-01-0715,"ALFA-METILDOPA, 250 MG",TABLETA,CAJA CON BLISTERS CONTENIENDO 30 TABLETAS,HIPERMESSEL,$0.82,26
"DISTRIBUIDORA INTERNACIONAL DE MEDICAMENTOS Y EQUIPO MÉDICO, S.A. DE C.V.",LA-012NBB001-E8-2036,SUBROGADA,HGMGG-LPN-01-2036,010.000.2503.00)010.000.2503.01  (20 Y 50),02-01-0024,"ALOPURINOL, 100 MG",TABLETA,CAJA CON BLISTERS CONTENIENDO 20 O 50 TABLETAS,ARRAMPLOR,$13.30,111
"DISTRIBUIDORA INTERNACIONAL DE MEDICAMENTOS Y EQUIPO MÉDICO, S.A. DE C.V.",LA-012NBB001-E8-2037,SUBROGADA,HGMGG-LPN-01-2037,010.000.3451.00 (20),02-01-0025,"ALOPURINOL, 300 MG",TABLETA,CAJA CON BLISTERS CONTENIENDO 20 TABLETAS,"IMPORTADORA Y MANUFACTURERA BRULUART, S.A.",$0.85,57
"DISTRIBUIDORA INTERNACIONAL DE MEDICAMENTOS Y EQUIPO MÉDICO, S.A. DE C.V.",LA-012NBB001-E8-2038,SUBROGADA,HGMGG-LPN-01-2038,040.000.2500.00  (30),02-02-0044,"ALPRAZOLAM, 0.25 MG",TABLETA,CAJA CON BLISTERS CONTENIENDO 30 TABLETAS,"LABORATORIOS PISA, S.A. DE C.V.",$1.63,42
"DISTRIBUIDORA INTERNACIONAL DE MEDICAMENTOS Y EQUIPO MÉDICO, S.A. DE C.V.",LA-012NBB001-E8-2039,SUBROGADA,HGMGG-LPN-01-2039,FCB,02-01-0721,"AMBROXOL, 15 MG/2 ML",AMPULA,ÁMPULA,BROXOL,$24.15,193
"DISTRIBUIDORA INTERNACIONAL DE MEDICAMENTOS Y EQUIPO MÉDICO, S.A. DE C.V.",LA-012NBB001-E8-2040,SUBROGADA,HGMGG-LPN-01-2040, 010.000.2463.00  ,02-01-0027,"AMBROXOL, 300 MG/100 ML",FRASCO,FRASCO CON XXX ML,OXOLVAN,$6.48,8
"DISTRIBUIDORA INTERNACIONAL DE MEDICAMENTOS Y EQUIPO MÉDICO, S.A. DE C.V.",LA-012NBB001-E8-2041,SUBROGADA,HGMGG-LPN-01-2041,010.000.2012.00,02-01-0293,"AMFOTERICINA B, 50 MG",AMPULA,FRASCO ÁMPULA ,"LABORATORIOS PISA, S.A. DE C.V.",$400.19,116
"DISTRIBUIDORA INTERNACIONAL DE MEDICAMENTOS Y EQUIPO MÉDICO, S.A. DE C.V.",LA-012NBB001-E8-2042,SUBROGADA,HGMGG-LPN-01-2042,010.000.1957.00 Y 010.000.1957.01 (1 y 2),02-01-0029,"AMIKACINA SULFATO DE, 100 MG/2 ML",ÁMPULA,ÁMPULA,"LABORATORIOS PISA, S.A. DE C.V.",$3.22,474
"DISTRIBUIDORA INTERNACIONAL DE MEDICAMENTOS Y EQUIPO MÉDICO, S.A. DE C.V.",LA-012NBB001-E8-2043,SUBROGADA,HGMGG-LPN-01-2043,010.000.1956.00 Y 010.000.1956.01 (1 Y 2),02-01-0030,"AMIKACINA SULFATO DE, 500 MG/2 ML",ÁMPULA,ÁMPULA,"LABORATORIOS PISA, S.A. DE C.V.",$4.79,692
"DISTRIBUIDORA INTERNACIONAL DE MEDICAMENTOS Y EQUIPO MÉDICO, S.A. DE C.V.",LA-012NBB001-E8-2044,SUBROGADA,HGMGG-LPN-01-2044,010.000.0426.00  (5),02-01-0031,"AMINOFILINA, 250 MG/10 ML",ÁMPULA,ÁMPULA,"LABORATORIOS PISA, S.A. DE C.V.",$5.77,47
"DISTRIBUIDORA INTERNACIONAL DE MEDICAMENTOS Y EQUIPO MÉDICO, S.A. DE C.V.",LA-012NBB001-E8-2045,SUBROGADA,HGMGG-LPN-01-2045,010.000.4107.00  (6),02-01-0683,"AMIODARONA, 150 MG/3 ML",ÁMPULA,ÁMPULA,"LABORATORIOS PISA, S.A. DE C.V.",$62.08,1359
"DISTRIBUIDORA INTERNACIONAL DE MEDICAMENTOS Y EQUIPO MÉDICO, S.A. DE C.V.",LA-012NBB001-E8-2046,SUBROGADA,HGMGG-LPN-01-2046,040.000.3305.00  (20),02-02-0070,"AMITRIPTILINA, 25 MG",TABLETA,CAJA CON BISTER CONTENIENDO 20 TABLETAS,ANAPSIQUE,$2.43,1
"DISTRIBUIDORA INTERNACIONAL DE MEDICAMENTOS Y EQUIPO MÉDICO, S.A. DE C.V.",LA-012NBB001-E8-2047,SUBROGADA,HGMGG-LPN-01-2047,010.000.2130.00,02-01-0509,AMOXICILINA/CLAVULANATO 500 MG/100 MG ,FRASCO ÁMPULA,FRASCO ÁMPULA,"LABORATORIOS PISA, S.A. DE C.V.",$130.77,23
"DISTRIBUIDORA INTERNACIONAL DE MEDICAMENTOS Y EQUIPO MÉDICO, S.A. DE C.V.",LA-012NBB001-E8-2048,SUBROGADA,HGMGG-LPN-01-2048,010.000.2129.00,02-01-0360,"AMOXICILINA/CLAVULANATO, 125 MG/ 5 ML",FRASCO,FRASCO CON XXX ML,GRAMAXIN,$32.80,12
"DISTRIBUIDORA INTERNACIONAL DE MEDICAMENTOS Y EQUIPO MÉDICO, S.A. DE C.V.",LA-012NBB001-E8-2049,SUBROGADA,HGMGG-LPN-01-2049,010.000.2230.00,02-01-0583,"AMOXICILINA/CLAVULATO, 500 MG/125 MG",CÁPSULA/TABLETA,FRASCO O BLISTER,VALCLAN,$4.60,266
"DISTRIBUIDORA INTERNACIONAL DE MEDICAMENTOS Y EQUIPO MÉDICO, S.A. DE C.V.",LA-012NBB001-E8-2050,SUBROGADA,HGMGG-LPN-01-2050,010.000.1931.00  ,02-01-0034,"AMPICILINA SODICA, 500 MG/2 ML",FRASCO ÁMPULA,FRASCO ÁMPULA,"LABORATORIOS PISA, S.A. DE C.V.",$6.67,6573
"DISTRIBUIDORA INTERNACIONAL DE MEDICAMENTOS Y EQUIPO MÉDICO, S.A. DE C.V.",LA-012NBB001-E8-2051,SUBROGADA,HGMGG-LPN-01-2051,010.000.3662.00,02-01-0791,"ANIDULAFUNGINA, 100 MG",FRASCO ÁMPULA,FRASCO ÁMPULA,"PFIZER, S.A. DE C.V.","$4,362.79",43
"DISTRIBUIDORA INTERNACIONAL DE MEDICAMENTOS Y EQUIPO MÉDICO, S.A. DE C.V.",LA-012NBB001-E8-2052,SUBROGADA,HGMGG-LPN-01-2052,010.000.5106.00,02-01-0672,"ATORVASTATINA, 20 MG",TABLETA,CAJA CON BISTER,"LABORATORIOS PISA, S.A. DE C.V.",$3.40,3592
"DISTRIBUIDORA INTERNACIONAL DE MEDICAMENTOS Y EQUIPO MÉDICO, S.A. DE C.V.",LA-012NBB001-E8-2053,SUBROGADA,HGMGG-LPN-01-2053,010.000.1546.00,02-01-0696,"ATOSIBAN, 37.5MG/5ML",ÁMPULA,ÁMPULA,"LABORATORIOS PISA, S.A. DE C.V.","$4,822.30",58
"DISTRIBUIDORA INTERNACIONAL DE MEDICAMENTOS Y EQUIPO MÉDICO, S.A. DE C.V.",LA-012NBB001-E8-2054,SUBROGADA,HGMGG-LPN-01-2054,010.000.1545.00,02-01-0695,"ATOSIBAN, 6.75 MG/0.9 ML",ÁMPULA,ÁMPULA,TRACTOCILE,"$1,020.37",5
"DISTRIBUIDORA INTERNACIONAL DE MEDICAMENTOS Y EQUIPO MÉDICO, S.A. DE C.V.",LA-012NBB001-E8-2055,SUBROGADA,HGMGG-LPN-01-2055,FCB,02-01-0597,"ATRACURIO BESILATO DE, 25 MG/2.5 ML",ÁMPULA,,"LABORATORIOS PISA, S.A. DE C.V.",$112.70,30
"DISTRIBUIDORA INTERNACIONAL DE MEDICAMENTOS Y EQUIPO MÉDICO, S.A. DE C.V.",LA-012NBB001-E8-2056,SUBROGADA,HGMGG-LPN-01-2056,010.000.0204.00,02-01-0041,"ATROPINA SULFATO DE, 1 MG/1 ML",ÁMPULA,ÁMPULA,"LABORATORIOS PISA, S.A. DE C.V.",$3.40,1410
"DISTRIBUIDORA INTERNACIONAL DE MEDICAMENTOS Y EQUIPO MÉDICO, S.A. DE C.V.",LA-012NBB001-E8-2057,SUBROGADA,HGMGG-LPN-01-2057,010.000.2873.00,02-01-0797,"ATROPINA,  10 MG/1G",UNGÜENTO OFTÁLMICO,,ATRO GRIN,$123.08,110
"DISTRIBUIDORA INTERNACIONAL DE MEDICAMENTOS Y EQUIPO MÉDICO, S.A. DE C.V.",LA-012NBB001-E8-2058,SUBROGADA,HGMGG-LPN-01-2058,,02-01-0797,"AZUL BRILLANTE PARA CIRUGIA DE RETINA, 0.5ML/01 ML ",FRASCO ÁMPULA,,"JHONSON & JOHNSON MEXICO, S.A. DE C.V.","$9,200.00",0
"DISTRIBUIDORA INTERNACIONAL DE MEDICAMENTOS Y EQUIPO MÉDICO, S.A. DE C.V.",LA-012NBB001-E8-2059,SUBROGADA,HGMGG-LPN-01-2059,,02-03-0040,AZUL DE TRIPANO PARA CIRUGÍA OFTALMICA ,"VÍAL, FRASCO ÁMPULA Ó JERINGA PRELLENADA",,OPTICALMIS ,$988.70,20
"DISTRIBUIDORA INTERNACIONAL DE MEDICAMENTOS Y EQUIPO MÉDICO, S.A. DE C.V.",LA-012NBB001-E8-2060,SUBROGADA,HGMGG-LPN-01-2060,010.000.2508.00,02-01-0366,"BECLOMETASONA DIPROPIONATO DE, 250 MG",INHALADOR,,MIZRABA,$656.05,53
"DISTRIBUIDORA INTERNACIONAL DE MEDICAMENTOS Y EQUIPO MÉDICO, S.A. DE C.V.",LA-012NBB001-E8-2061,SUBROGADA,HGMGG-LPN-01-2061,010.000.1933.00,02-01-0232,"BENCILPENICILINA SÓDICA CRISTALINA, 500000 UI",FRASCO ÁMPULA,,"LABORATORIOS PISA, S.A. DE C.V.",$20.31,400
"DISTRIBUIDORA INTERNACIONAL DE MEDICAMENTOS Y EQUIPO MÉDICO, S.A. DE C.V.",LA-012NBB001-E8-2062,SUBROGADA,HGMGG-LPN-01-2062,010.000.1921.00,02-01-0230,"BENCILPENICILINA SODICA CRISTALINA, 1000000 UI",FRASCO ÁMPULA,,"LABORATORIOS PISA, S.A. DE C.V.",$8.70,256
"DISTRIBUIDORA INTERNACIONAL DE MEDICAMENTOS Y EQUIPO MÉDICO, S.A. DE C.V.",LA-012NBB001-E8-2063,SUBROGADA,HGMGG-LPN-01-2063,010.000.2141.00,02-01-0045,"BETAMETASONA ACETATO DE, 2.71  MG/1 ML",ÁMPULA,,"SCHERING PLOUGH,S.A. DE C.V.",$313.75,299
"DISTRIBUIDORA INTERNACIONAL DE MEDICAMENTOS Y EQUIPO MÉDICO, S.A. DE C.V.",LA-012NBB001-E8-2064,SUBROGADA,HGMGG-LPN-01-2064,010.000.2141.00 (4 MG/ML),02-01-0837,"BETAMETASONA, 2MG/2ML",FRASCO ÁMPULA,,CELESTONE,$404.42,31
"DISTRIBUIDORA INTERNACIONAL DE MEDICAMENTOS Y EQUIPO MÉDICO, S.A. DE C.V.",LA-012NBB001-E8-2065,SUBROGADA,HGMGG-LPN-01-2065,"010.000.5440.00
010.000.5440.01",02-01-0800,"BICALUTAMIDA, 50 MG",TABLETA,,"LABORATORIOS PISA, S.A. DE C.V.",$43.53,0
"DISTRIBUIDORA INTERNACIONAL DE MEDICAMENTOS Y EQUIPO MÉDICO, S.A. DE C.V.",LA-012NBB001-E8-2066,SUBROGADA,HGMGG-LPN-01-2066,010.000.0523.00,02-01-0046,"BICARBONATO DE POTASIO, 500 MG Ó 750 MG",TABLETA EFERVESCENTE,,TECSOBIN,$3.45,309
"DISTRIBUIDORA INTERNACIONAL DE MEDICAMENTOS Y EQUIPO MÉDICO, S.A. DE C.V.",LA-012NBB001-E8-2067,SUBROGADA,HGMGG-LPN-01-2067,010.000.3619.00 (50),02-01-0047,"BICARBONATO DE SODIO 7.5%,  0.75GR. 10 ML",ÁMPULA,,"LABORATORIOS PISA, S.A. DE C.V.",$5.15,7635
"DISTRIBUIDORA INTERNACIONAL DE MEDICAMENTOS Y EQUIPO MÉDICO, S.A. DE C.V.",LA-012NBB001-E8-2068,SUBROGADA,HGMGG-LPN-01-2068,040.000.2652.00  (50),02-01-0641,"BIPERIDENO, 2 MG",TABLETA,,KINEX,$1.03,7
"DISTRIBUIDORA INTERNACIONAL DE MEDICAMENTOS Y EQUIPO MÉDICO, S.A. DE C.V.",LA-012NBB001-E8-2069,SUBROGADA,HGMGG-LPN-01-2069,040.000.2653.00,02-02-0088,"BIPERIDENO, 5 MG/ML",AMPULA,,ARMSTRONG LAB. DE MEXICO S.A. DE C.V.,$26.37,0
"DISTRIBUIDORA INTERNACIONAL DE MEDICAMENTOS Y EQUIPO MÉDICO, S.A. DE C.V.",LA-012NBB001-E8-2070,SUBROGADA,HGMGG-LPN-01-2070,040.000.4482.00,02-02-0080,"BROMAZEPAM, 3 MG",COMPRIMIDO,,OTEDRAM,$8.65,0
"DISTRIBUIDORA INTERNACIONAL DE MEDICAMENTOS Y EQUIPO MÉDICO, S.A. DE C.V.",LA-012NBB001-E8-2071,SUBROGADA,HGMGG-LPN-01-2071,010.000.2158.00,02-01-0319,"BROMHEXINA  0.2%,",FRASCO,,BROMICOF,$25.00,0
"DISTRIBUIDORA INTERNACIONAL DE MEDICAMENTOS Y EQUIPO MÉDICO, S.A. DE C.V.",LA-012NBB001-E8-2072,SUBROGADA,HGMGG-LPN-01-2072,010.000.2141.00,02-01-0651,"BUDESONIDA MICRONIZADA, 14 G/10 ML",FRASCO,,"ASTRAZENECA, S.A. DE C.V.",$481.25,0
"DISTRIBUIDORA INTERNACIONAL DE MEDICAMENTOS Y EQUIPO MÉDICO, S.A. DE C.V.",LA-012NBB001-E8-2073,SUBROGADA,HGMGG-LPN-01-2073,010.000.4332.00/010.000.4332.01  (5 y 20),02-01-0713,"BUDESONIDA, 250 MG/2 ML, P/NEBULIZADOR ",FRASCO,,"LABORATORIOS PISA, S.A. DE C.V.",$21.67,3595
"DISTRIBUIDORA INTERNACIONAL DE MEDICAMENTOS Y EQUIPO MÉDICO, S.A. DE C.V.",LA-012NBB001-E8-2074,SUBROGADA,HGMGG-LPN-01-2074,FCB,02-01-0645,BUMETANIDA 0.5 MG/2 ML,ÁMPULA,,MICCIL,$40.38,902
"DISTRIBUIDORA INTERNACIONAL DE MEDICAMENTOS Y EQUIPO MÉDICO, S.A. DE C.V.",LA-012NBB001-E8-2075,SUBROGADA,HGMGG-LPN-01-2075,010.000.0271.00,02-01-0050,"BUPIVACAINA CON EPINEFRINA 0.5%, 30 ML",FRASCO ÁMPULA,,"LABORATORIOS PISA, S.A. DE C.V.",$113.92,17
"DISTRIBUIDORA INTERNACIONAL DE MEDICAMENTOS Y EQUIPO MÉDICO, S.A. DE C.V.",LA-012NBB001-E8-2076,SUBROGADA,HGMGG-LPN-01-2076,010.000.0271.00,02-01-0592,"BUPIVACAINA GLUCOSA, 15 MG/3 ML",ÁMPULA,,"LABORATORIOS PISA, S.A. DE C.V.",$35.90,1345
"DISTRIBUIDORA INTERNACIONAL DE MEDICAMENTOS Y EQUIPO MÉDICO, S.A. DE C.V.",LA-012NBB001-E8-2077,SUBROGADA,HGMGG-LPN-01-2077,010.000.4055.00 (dextrosa),02-01-0051,"BUPIVACAINA, CLORHIDRATO DE, 150 MG/30 ML",FRASCO ÁMPULA,,"LABORATORIOS PISA, S.A. DE C.V.",$54.42,0
"DISTRIBUIDORA INTERNACIONAL DE MEDICAMENTOS Y EQUIPO MÉDICO, S.A. DE C.V.",LA-012NBB001-E8-2078,SUBROGADA,HGMGG-LPN-01-2078,040.000.2100.00/040.000.2100.01  (10 Y 20),02-02-0068,"BUPRENORFINA, 0.2 MG",TABLETA,,"LABORATORIOS PISA, S.A. DE C.V.",$28.38,30
"DISTRIBUIDORA INTERNACIONAL DE MEDICAMENTOS Y EQUIPO MÉDICO, S.A. DE C.V.",LA-012NBB001-E8-2079,SUBROGADA,HGMGG-LPN-01-2079,040.000.4026.00  (6),02-02-0067,"BUPRENORFINA, 0.3 MG/ML",ÁMPULA,,"LABORATORIOS PISA, S.A. DE C.V.",$35.49,2684
"DISTRIBUIDORA INTERNACIONAL DE MEDICAMENTOS Y EQUIPO MÉDICO, S.A. DE C.V.",LA-012NBB001-E8-2080,SUBROGADA,HGMGG-LPN-01-2080,010.000.5462.00,,"BUSERELINA, 9.45 MG",IMPLANTE,,SUPREFACT DEPOT,"$7,176.89",0
"DISTRIBUIDORA INTERNACIONAL DE MEDICAMENTOS Y EQUIPO MÉDICO, S.A. DE C.V.",LA-012NBB001-E8-2081,SUBROGADA,HGMGG-LPN-01-2081,010.000.1207.00  (3),02-01-0052,"BUTILHIOSCINA, 20 MG/ML",ÁMPULA,,"LABORATORIOS PISA, S.A. DE C.V.",$5.43,4822
"DISTRIBUIDORA INTERNACIONAL DE MEDICAMENTOS Y EQUIPO MÉDICO, S.A. DE C.V.",LA-012NBB001-E8-2082,SUBROGADA,HGMGG-LPN-01-2082,FCB,02-01-0734,"BUTILHIOSCINA, 40 MG/ML",ÁMPULA,,"SANOFI AVENTIS WINTHROP, S.A. DE C.V.",$91.67,0
"DISTRIBUIDORA INTERNACIONAL DE MEDICAMENTOS Y EQUIPO MÉDICO, S.A. DE C.V.",LA-012NBB001-E8-2083,SUBROGADA,HGMGG-LPN-01-2083,"010.000.6083.00
010.000.6083.01",02-01-0850,"CAFEÍNA, CITRATO DE, 20 MG/ML",FRASCO ÁMPULA,,PEYONA,$615.18,530
"DISTRIBUIDORA INTERNACIONAL DE MEDICAMENTOS Y EQUIPO MÉDICO, S.A. DE C.V.",LA-012NBB001-E8-2084,SUBROGADA,HGMGG-LPN-01-2084,010.000.1006.00,02-01-0381,"CALCIO, 500 MG ",COMPRIMIDO EFERVESCENTE,,"LABORATORIOS PISA, S.A. DE C.V.",$2.48,1658
"DISTRIBUIDORA INTERNACIONAL DE MEDICAMENTOS Y EQUIPO MÉDICO, S.A. DE C.V.",LA-012NBB001-E8-2085,SUBROGADA,HGMGG-LPN-01-2085,010.000.0574.00  (30),02-01-0058,"CAPTOPRIL, 25 MG",TABLETA,,"INDUSTRIAS QUIMICO FARMACEUTICAS AMERICANAS, S.A. DE C.V.",$0.12,4242
"DISTRIBUIDORA INTERNACIONAL DE MEDICAMENTOS Y EQUIPO MÉDICO, S.A. DE C.V.",LA-012NBB001-E8-2086,SUBROGADA,HGMGG-LPN-01-2086,040.000.2608.00  (20),02-01-0055,"CARBAMAZEPINA, 200 MG",TABLETA,,"PSICOFARMA, S.A. DE C.V.",$1.83,85
"DISTRIBUIDORA INTERNACIONAL DE MEDICAMENTOS Y EQUIPO MÉDICO, S.A. DE C.V.",LA-012NBB001-E8-2087,SUBROGADA,HGMGG-LPN-01-2087,010.000.2242.00,02-03-0032,"CARBON ACTIVADO, 1 K  ",BOLSA,,"DISTRIBUIDORA MEXICANA DE BIOLOGICOS, S.A. DE C.V.","$5,111.47",2
"DISTRIBUIDORA INTERNACIONAL DE MEDICAMENTOS Y EQUIPO MÉDICO, S.A. DE C.V.",LA-012NBB001-E8-2088,SUBROGADA,HGMGG-LPN-01-2088,FCB,02-01-0803,CARBOXIMETILCELULOSA 5%,FRASCO GOTERO,,"ALLERGAN, S.A. DE C.V.",$666.60,21
"DISTRIBUIDORA INTERNACIONAL DE MEDICAMENTOS Y EQUIPO MÉDICO, S.A. DE C.V.",LA-012NBB001-E8-2089,SUBROGADA,HGMGG-LPN-01-2089,010.000.5313.00,02-01-0775,"CASPOFUNGINA, 50 MG ",FRASCO ÁMPULA,,"LABORATORIOS PISA, S.A. DE C.V.","$1,166.67",245
"DISTRIBUIDORA INTERNACIONAL DE MEDICAMENTOS Y EQUIPO MÉDICO, S.A. DE C.V.",LA-012NBB001-E8-2090,SUBROGADA,HGMGG-LPN-01-2090,010.000.1939.00  (20),02-01-0060,"CEFALEXINA  MONOHIDRATADA,  500 MG",TABLETA,,"LABORATORIOS PISA, S.A. DE C.V.",$1.86,594
"DISTRIBUIDORA INTERNACIONAL DE MEDICAMENTOS Y EQUIPO MÉDICO, S.A. DE C.V.",LA-012NBB001-E8-2091,SUBROGADA,HGMGG-LPN-01-2091,FCB,02-01-0548,"CEFALEXINA, 250 MG/100 ML",FRASCO,,"LABORATORIOS PISA, S.A. DE C.V.",$30.75,0
"DISTRIBUIDORA INTERNACIONAL DE MEDICAMENTOS Y EQUIPO MÉDICO, S.A. DE C.V.",LA-012NBB001-E8-2092,SUBROGADA,HGMGG-LPN-01-2092,010.000.5256.00,02-01-0062,"CEFALOTINA SODICA, 1 G",FRASCO ÁMPULA,,"LABORATORIOS PISA, S.A. DE C.V.",$24.71,6811
"DISTRIBUIDORA INTERNACIONAL DE MEDICAMENTOS Y EQUIPO MÉDICO, S.A. DE C.V.",LA-012NBB001-E8-2093,SUBROGADA,HGMGG-LPN-01-2093,010.000.5295.01,02-01-0587,"CEFEPIME,  1 G",FRASCO ÁMPULA,,"LABORATORIOS PISA, S.A. DE C.V.",$50.64,1092
"DISTRIBUIDORA INTERNACIONAL DE MEDICAMENTOS Y EQUIPO MÉDICO, S.A. DE C.V.",LA-012NBB001-E8-2094,SUBROGADA,HGMGG-LPN-01-2094,010.000.1935.00,02-01-0383,"CEFOTAXIMA, 1 G",FRASCO ÁMPULA,,"LABORATORIOS PISA, S.A. DE C.V.",$19.51,663
"DISTRIBUIDORA INTERNACIONAL DE MEDICAMENTOS Y EQUIPO MÉDICO, S.A. DE C.V.",LA-012NBB001-E8-2095,SUBROGADA,HGMGG-LPN-01-2095,010.000.1937.00,02-01-0793,"CEFTAROLINA FOSAMILO, 600 MG",FRASCO ÁMPULA,,"PFIZER, S.A. DE C.V.","$1,551.02",66
"DISTRIBUIDORA INTERNACIONAL DE MEDICAMENTOS Y EQUIPO MÉDICO, S.A. DE C.V.",LA-012NBB001-E8-2096,SUBROGADA,HGMGG-LPN-01-2096,010.000.4254.00,02-01-0065,"CEFTAZIDIMA  PENTAHIDRATADA, 1 G ",FRASCO ÁMPULA,,"LABORATORIOS PISA, S.A. DE C.V.",$23.37,2282
"DISTRIBUIDORA INTERNACIONAL DE MEDICAMENTOS Y EQUIPO MÉDICO, S.A. DE C.V.",LA-012NBB001-E8-2097,SUBROGADA,HGMGG-LPN-01-2097,FCB,02-01-0067,"CEFTRIAXONA ,  500 MG",FRASCO ÁMPULA,,"LABORATORIOS PISA, S.A. DE C.V.",$82.38,12702
"DISTRIBUIDORA INTERNACIONAL DE MEDICAMENTOS Y EQUIPO MÉDICO, S.A. DE C.V.",LA-012NBB001-E8-2098,SUBROGADA,HGMGG-LPN-01-2098,"010.000.5264.00/010.000.5264.01/010.000.5264.02  (3, 5 O 10 ML)",02-01-0657,"CEFTRIAXONA, 1 G",FRASCO ÁMPULA,,"LABORATORIOS PISA, S.A. DE C.V.",$13.99,67
"DISTRIBUIDORA INTERNACIONAL DE MEDICAMENTOS Y EQUIPO MÉDICO, S.A. DE C.V.",LA-012NBB001-E8-2099,SUBROGADA,HGMGG-LPN-01-2099,"010.000.5264.00
010.000.5264.01
010.000.5264.02",02-01-0384,"CEFUROXIMA, 750 MG",FRASCO ÁMPULA,,"LABORATORIOS PISA, S.A. DE C.V.",$33.81,219
"DISTRIBUIDORA INTERNACIONAL DE MEDICAMENTOS Y EQUIPO MÉDICO, S.A. DE C.V.",LA-012NBB001-E8-2100,SUBROGADA,HGMGG-LPN-01-2100,010.000.1752.00 (5),02-01-0688,"CICLOFOSFAMIDA, 20 MG",FRASCO ÁMPULA,,HIDROFOSMIN,$215.40,0
"DISTRIBUIDORA INTERNACIONAL DE MEDICAMENTOS Y EQUIPO MÉDICO, S.A. DE C.V.",LA-012NBB001-E8-2101,SUBROGADA,HGMGG-LPN-01-2101,010.000.1752.00,02-07-0004,"CICLOFOSFAMIDA, 200 MG",FRASCO ÁMPULA,,HIDROFOSMIN,$41.00,51
"DISTRIBUIDORA INTERNACIONAL DE MEDICAMENTOS Y EQUIPO MÉDICO, S.A. DE C.V.",LA-012NBB001-E8-2102,SUBROGADA,HGMGG-LPN-01-2102,010.000.4294.00,02-01-0804,CICLOSPORINA 0.05%,FRASCO GOTERO,,RESTASIS,$613.33,0
"DISTRIBUIDORA INTERNACIONAL DE MEDICAMENTOS Y EQUIPO MÉDICO, S.A. DE C.V.",LA-012NBB001-E8-2103,SUBROGADA,HGMGG-LPN-01-2103,010.000.4259.00,02-01-0508,"CIPROFLOXACINO, 200 MG/100 ML",FRASCO ÁMPULA,,,,92
"DISTRIBUIDORA INTERNACIONAL DE MEDICAMENTOS Y EQUIPO MÉDICO, S.A. DE C.V.",LA-012NBB001-E8-2104,SUBROGADA,HGMGG-LPN-01-2104,010.000.4255.00,,"CIPROFLOXACINO, 250 MG",TABLETA,,PROFLUXOL,$13.20,52
"DISTRIBUIDORA INTERNACIONAL DE MEDICAMENTOS Y EQUIPO MÉDICO, S.A. DE C.V.",LA-012NBB001-E8-2105,SUBROGADA,HGMGG-LPN-01-2105,FCB,02-01-0805,"CIPROFLOXACINO, 3 MG/ML",FRASCO GOTERO,,SOPHIXIN OFTENO,$28.75,10
"DISTRIBUIDORA INTERNACIONAL DE MEDICAMENTOS Y EQUIPO MÉDICO, S.A. DE C.V.",LA-012NBB001-E8-2106,SUBROGADA,HGMGG-LPN-01-2106,FCB,02-01-0840,"CIPROFLOXACINO, 500 MG",CÁPSULA,,"LABORATORIOS PISA, S.A. DE C.V.",$5.75,119
"DISTRIBUIDORA INTERNACIONAL DE MEDICAMENTOS Y EQUIPO MÉDICO, S.A. DE C.V.",LA-012NBB001-E8-2107,SUBROGADA,HGMGG-LPN-01-2107,"100,004,061",02-01-0602,"CISATRACURIO, BESILATO DE,  2MG/ML",ÁMPULA,,"LABORATORIOS PISA, S.A. DE C.V.",$108.46,872
"DISTRIBUIDORA INTERNACIONAL DE MEDICAMENTOS Y EQUIPO MÉDICO, S.A. DE C.V.",LA-012NBB001-E8-2108,SUBROGADA,HGMGG-LPN-01-2108,FCB,02-01-0722,CLARITROMICINA 500 MG/10 ML,FRASCO ÁMPULA,,KLARICID I.V.,$645.77,1465
"DISTRIBUIDORA INTERNACIONAL DE MEDICAMENTOS Y EQUIPO MÉDICO, S.A. DE C.V.",LA-012NBB001-E8-2109,SUBROGADA,HGMGG-LPN-01-2109,FCB,02-01-0843,"CLARITROMICINA, 250 MG/5 ML ",FRASCO,,KROBICIN,$330.54,36
"DISTRIBUIDORA INTERNACIONAL DE MEDICAMENTOS Y EQUIPO MÉDICO, S.A. DE C.V.",LA-012NBB001-E8-2110,SUBROGADA,HGMGG-LPN-01-2110,FF DIFERENTE AL CBMSS 250 MG (010.000.2132.00),02-01-0076,"CLINDAMICINA, 300 MG/2 ML",ÁMPULA,,"LABORATORIOS PISA, S.A. DE C.V.",$5.27,615
"DISTRIBUIDORA INTERNACIONAL DE MEDICAMENTOS Y EQUIPO MÉDICO, S.A. DE C.V.",LA-012NBB001-E8-2111,SUBROGADA,HGMGG-LPN-01-2111,FCB,02-01-0577,"CLINDAMICINA, 600 MG/4 ML",ÁMPULA,,CLINAMSA,$14.33,299
"DISTRIBUIDORA INTERNACIONAL DE MEDICAMENTOS Y EQUIPO MÉDICO, S.A. DE C.V.",LA-012NBB001-E8-2112,SUBROGADA,HGMGG-LPN-01-2112,040.000.2613.00 ,02-02-0079,"CLONAZEPAM, 2.5 MG/ML",FRASCO GOTERO,,"LABORATORIOS PISA, S.A. DE C.V.",$42.37,15
"DISTRIBUIDORA INTERNACIONAL DE MEDICAMENTOS Y EQUIPO MÉDICO, S.A. DE C.V.",LA-012NBB001-E8-2113,SUBROGADA,HGMGG-LPN-01-2113,040.000.2612.00 (30),02-02-0031,"CLONAZEPAN, 2 MG",COMPRIMIDO,,"LABORATORIOS PISA, S.A. DE C.V.",$2.14,96
"DISTRIBUIDORA INTERNACIONAL DE MEDICAMENTOS Y EQUIPO MÉDICO, S.A. DE C.V.",LA-012NBB001-E8-2114,SUBROGADA,HGMGG-LPN-01-2114,010.000.2101.00  (30),02-01-0589,CLONIDINA 150 MCG/ML,ÁMPULA,,"LABORATORIOS PISA, S.A. DE C.V.",$34.61,122
"DISTRIBUIDORA INTERNACIONAL DE MEDICAMENTOS Y EQUIPO MÉDICO, S.A. DE C.V.",LA-012NBB001-E8-2115,SUBROGADA,HGMGG-LPN-01-2115,FCB,02-01-0520,CLONIDINA DE 0.100 MG  (100 MCG),COMPRIMIDO,,BOMATH,$5.82,0
"DISTRIBUIDORA INTERNACIONAL DE MEDICAMENTOS Y EQUIPO MÉDICO, S.A. DE C.V.",LA-012NBB001-E8-2116,SUBROGADA,HGMGG-LPN-01-2116,010.000.4028.00 (5),02-01-0699,"CLONIXINATO DE LISINA, 100 MG/2 ML",ÁMPULA,,"LABORATORIOS PISA, S.A. DE C.V.",$4.35,2048
"DISTRIBUIDORA INTERNACIONAL DE MEDICAMENTOS Y EQUIPO MÉDICO, S.A. DE C.V.",LA-012NBB001-E8-2117,SUBROGADA,HGMGG-LPN-01-2117,FF DIFERENTE AL CBMSS 250 MG (010.000.2132.00),02-01-0550,"CLONIXINATO DE LISINA, 125  MG",TABLETA,,"FARMACEUTICOS RAYERE, S.A.",$6.13,558
"DISTRIBUIDORA INTERNACIONAL DE MEDICAMENTOS Y EQUIPO MÉDICO, S.A. DE C.V.",LA-012NBB001-E8-2118,SUBROGADA,HGMGG-LPN-01-2118,010.000.4246.00/010.000.4246.00  (14 Y 28),02-01-0698,"CLOPIDOGREL, 75 MG",COMPRIMIDO,,"LABORATORIOS PISA, S.A. DE C.V.",$2.43,463
"DISTRIBUIDORA INTERNACIONAL DE MEDICAMENTOS Y EQUIPO MÉDICO, S.A. DE C.V.",LA-012NBB001-E8-2119,SUBROGADA,HGMGG-LPN-01-2119,010.000.2821.00,02-01-0083,"CLORANFENICOL LEVOGIRO, 5 MG/ML",FRASCO GOTERO,,"LABORATORIOS PISA, S.A. DE C.V.",$40.62,92
"DISTRIBUIDORA INTERNACIONAL DE MEDICAMENTOS Y EQUIPO MÉDICO, S.A. DE C.V.",LA-012NBB001-E8-2120,SUBROGADA,HGMGG-LPN-01-2120,010.000.1992.00,02-01-0081,"CLORANFENICOL SUCCINATO SODICO, 1G/5 ML",FRASCO ÁMPULA,,"LABORATORIOS PISA, S.A. DE C.V.",$86.04,27
"DISTRIBUIDORA INTERNACIONAL DE MEDICAMENTOS Y EQUIPO MÉDICO, S.A. DE C.V.",LA-012NBB001-E8-2121,SUBROGADA,HGMGG-LPN-01-2121,010.000.2142.00,02-01-0084,"CLORFENAMINA, 10 MG/1 ML",ÁMPULA,,CLORO-TRIMETON,$29.43,1120
"DISTRIBUIDORA INTERNACIONAL DE MEDICAMENTOS Y EQUIPO MÉDICO, S.A. DE C.V.",LA-012NBB001-E8-2122,SUBROGADA,HGMGG-LPN-01-2122,FCB,02-03-0018,"CLORURO DE BENZALCONIO, 100 G",TUBO,,COMBE DE MEXICO S DE R.L. DE C.V.,$24.44,1086
"DISTRIBUIDORA INTERNACIONAL DE MEDICAMENTOS Y EQUIPO MÉDICO, S.A. DE C.V.",LA-012NBB001-E8-2123,SUBROGADA,HGMGG-LPN-01-2123,010.000.0524.00  (50),02-01-0306,"CLORURO DE POTASIO, 1.49 MG/10 ML",ÁMPULA,,"LABORATORIOS PISA, S.A. DE C.V.",$1.82,10853
"DISTRIBUIDORA INTERNACIONAL DE MEDICAMENTOS Y EQUIPO MÉDICO, S.A. DE C.V.",LA-012NBB001-E8-2124,SUBROGADA,HGMGG-LPN-01-2124,010.000.5386.00  (100),02-01-0549,"CLORURO DE SODIO AL 17 %, 10 ML",ÁMPULA,,"LABORATORIOS PISA, S.A. DE C.V.",$10.86,929
"DISTRIBUIDORA INTERNACIONAL DE MEDICAMENTOS Y EQUIPO MÉDICO, S.A. DE C.V.",LA-012NBB001-E8-2125,SUBROGADA,HGMGG-LPN-01-2125,010.000.5865.00,02-01-0759,"COLISTIMETATO DE SODIO,  150 MG/2 ML",FRASCO ÁMPULA,,ESPECIFICOS STENDHAL SA DE CV,"$1,582.59",269
"DISTRIBUIDORA INTERNACIONAL DE MEDICAMENTOS Y EQUIPO MÉDICO, S.A. DE C.V.",LA-012NBB001-E8-2126,SUBROGADA,HGMGG-LPN-01-2126,FCB,02-01-0807,"DAPTOMICINA, 500 MG",FRASCO ÁMPULA,,"NOVARTIS FARMACEUTICA, S.A. DE C.V.","$4,375.00",0
"DISTRIBUIDORA INTERNACIONAL DE MEDICAMENTOS Y EQUIPO MÉDICO, S.A. DE C.V.",LA-012NBB001-E8-2127,SUBROGADA,HGMGG-LPN-01-2127,010.000.0234.00,02-01-0666,"DESFLURANO, 240 ML",FRASCO,,SUPRANE,"$2,385.10",726
"DISTRIBUIDORA INTERNACIONAL DE MEDICAMENTOS Y EQUIPO MÉDICO, S.A. DE C.V.",LA-012NBB001-E8-2128,SUBROGADA,HGMGG-LPN-01-2128,010.000.5169.00,02-01-0292,"DESMOPRESINA, 15 MCG/ML",SOLUCIÓN,,"LABORATORIOS PISA, S.A. DE C.V.",$384.50,15
"DISTRIBUIDORA INTERNACIONAL DE MEDICAMENTOS Y EQUIPO MÉDICO, S.A. DE C.V.",LA-012NBB001-E8-2129,SUBROGADA,HGMGG-LPN-01-2129,FCB,02-01-0790,"DEXAMETASONA 1MG, TOBRAMICINA 3 MG, 3.5 G ",UNGÜENTO OFTÁLMICO (TUBO),,TRAZIDEX UNGENA,$495.65,0
"DISTRIBUIDORA INTERNACIONAL DE MEDICAMENTOS Y EQUIPO MÉDICO, S.A. DE C.V.",LA-012NBB001-E8-2130,SUBROGADA,HGMGG-LPN-01-2130,010.000.2176.00,02-01-0808,"DEXAMETASONA, 1MG/ML",FRASCO GOTERO,,DEXAFRIN OFTENO,$100.63,35
"DISTRIBUIDORA INTERNACIONAL DE MEDICAMENTOS Y EQUIPO MÉDICO, S.A. DE C.V.",LA-012NBB001-E8-2131,SUBROGADA,HGMGG-LPN-01-2131,010.000.4241.00,02-01-0094,"DEXAMETASONA, FOSFATO SODICO DE, 8 MG/2 ML",ÁMPULA,,"LABORATORIOS PISA, S.A. DE C.V.",$8.17,7403
"DISTRIBUIDORA INTERNACIONAL DE MEDICAMENTOS Y EQUIPO MÉDICO, S.A. DE C.V.",LA-012NBB001-E8-2132,SUBROGADA,HGMGG-LPN-01-2132,040.000.3215.00  (20),02-02-0046,"DIAZEPAM, 10 MG",TABLETA,,ORTOPSIQUE,$0.53,0
"DISTRIBUIDORA INTERNACIONAL DE MEDICAMENTOS Y EQUIPO MÉDICO, S.A. DE C.V.",LA-012NBB001-E8-2133,SUBROGADA,HGMGG-LPN-01-2133,040.000.0202.00  (50),02-02-0004,"DIAZEPAM, 10 MG/2ML",ÁMPULA,,"LABORATORIOS PISA, S.A. DE C.V.",$6.18,673
"DISTRIBUIDORA INTERNACIONAL DE MEDICAMENTOS Y EQUIPO MÉDICO, S.A. DE C.V.",LA-012NBB001-E8-2134,SUBROGADA,HGMGG-LPN-01-2134,010.000.3417.00,02-01-0519,"DICLOFENACO, 100 MG",TABLETA,,ARIFLAM,$0.44,25
"DISTRIBUIDORA INTERNACIONAL DE MEDICAMENTOS Y EQUIPO MÉDICO, S.A. DE C.V.",LA-012NBB001-E8-2135,SUBROGADA,HGMGG-LPN-01-2135,010.000.5501.00,02-01-0809,"DICLOFENACO, 75 MG/ 3 ML",ÁMPULA,,"LABORATORIOS PISA, S.A. DE C.V.",$7.38,8
"DISTRIBUIDORA INTERNACIONAL DE MEDICAMENTOS Y EQUIPO MÉDICO, S.A. DE C.V.",LA-012NBB001-E8-2136,SUBROGADA,HGMGG-LPN-01-2136,010.000.1927.00,02-01-0096,"DICLOXACILINA, 250 MG/ 5 ML",FRASCO ÁMPULA,,"LABORATORIOS PISA, S.A. DE C.V.",$8.68,20
"DISTRIBUIDORA INTERNACIONAL DE MEDICAMENTOS Y EQUIPO MÉDICO, S.A. DE C.V.",LA-012NBB001-E8-2137,SUBROGADA,HGMGG-LPN-01-2137,FCB,02-01-0554,"DICLOXACILINA, 500 MG/5 ML",FRASCO ÁMPULA,,"LABORATORIOS PISA, S.A. DE C.V.",$13.84,296
"DISTRIBUIDORA INTERNACIONAL DE MEDICAMENTOS Y EQUIPO MÉDICO, S.A. DE C.V.",LA-012NBB001-E8-2138,SUBROGADA,HGMGG-LPN-01-2138,010.000.3111.00  (30),02-01-0102,"DIFENIDOL, 25 MG",TABLETA,,LABORATORIOS HORMONA S.A. DE C.V.,$0.23,51
"DISTRIBUIDORA INTERNACIONAL DE MEDICAMENTOS Y EQUIPO MÉDICO, S.A. DE C.V.",LA-012NBB001-E8-2139,SUBROGADA,HGMGG-LPN-01-2139,010.000.3112.00  (2),02-01-0101,"DIFENIDOL, 40 MG/2 ML",ÁMPULA,,"LABORATORIOS PISA, S.A. DE C.V.",$4.89,359
"DISTRIBUIDORA INTERNACIONAL DE MEDICAMENTOS Y EQUIPO MÉDICO, S.A. DE C.V.",LA-012NBB001-E8-2140,SUBROGADA,HGMGG-LPN-01-2140,010.000.0502.00  (20),02-01-0106,"DIGOXINA, 0.25 MG",TABLETA,,VIDAXIL,$0.73,39
"DISTRIBUIDORA INTERNACIONAL DE MEDICAMENTOS Y EQUIPO MÉDICO, S.A. DE C.V.",LA-012NBB001-E8-2141,SUBROGADA,HGMGG-LPN-01-2141,010.000.0504.00  (6),02-01-0105,"DIGOXINA, 0.5 MG/2 ML",ÁMPULA,,"LABORATORIOS PISA, S.A. DE C.V.",$16.58,94
"DISTRIBUIDORA INTERNACIONAL DE MEDICAMENTOS Y EQUIPO MÉDICO, S.A. DE C.V.",LA-012NBB001-E8-2142,SUBROGADA,HGMGG-LPN-01-2142,010.000.2112.00,02-01-0409,"DILTIAZEM, 30 MG",TABLETA,,SERTIDEL,$2.20,366
"DISTRIBUIDORA INTERNACIONAL DE MEDICAMENTOS Y EQUIPO MÉDICO, S.A. DE C.V.",LA-012NBB001-E8-2143,SUBROGADA,HGMGG-LPN-01-2143,"010.000.4208.00
010.000.4208.01",02-01-0758,"DINOPROSTONA,  10 MG",ÓVULO,,PROPESS,"$3,267.55",0
"DISTRIBUIDORA INTERNACIONAL DE MEDICAMENTOS Y EQUIPO MÉDICO, S.A. DE C.V.",LA-012NBB001-E8-2144,SUBROGADA,HGMGG-LPN-01-2144,010.000.0615.00  (5),02-01-0114,"DOBUTAMINA, 250 MG/20 ML",FRASCO ÁMPULA,,"LABORATORIOS PISA, S.A. DE C.V.",$26.98,286
"DISTRIBUIDORA INTERNACIONAL DE MEDICAMENTOS Y EQUIPO MÉDICO, S.A. DE C.V.",LA-012NBB001-E8-2145,SUBROGADA,HGMGG-LPN-01-2145,010.000.0614.00  (5),02-01-0115,"DOPAMINA, 200 MG/5 ML",ÁMPULA,,"LABORATORIOS PISA, S.A. DE C.V.",$5.05,173
"DISTRIBUIDORA INTERNACIONAL DE MEDICAMENTOS Y EQUIPO MÉDICO, S.A. DE C.V.",LA-012NBB001-E8-2146,SUBROGADA,HGMGG-LPN-01-2146,010.000.1940.00  (10),02-01-0296,"DOXICICLINA, 100 MG",CÁPSULA,,ROXIDOLIN,$5.48,391
"DISTRIBUIDORA INTERNACIONAL DE MEDICAMENTOS Y EQUIPO MÉDICO, S.A. DE C.V.",LA-012NBB001-E8-2147,SUBROGADA,HGMGG-LPN-01-2147,040.000.2107.00  (100),02-02-0056,"EFEDRINA, 50 MG/2 ML",ÁMPULA,,"LABORATORIOS PISA, S.A. DE C.V.",$37.69,554
"DISTRIBUIDORA INTERNACIONAL DE MEDICAMENTOS Y EQUIPO MÉDICO, S.A. DE C.V.",LA-012NBB001-E8-2148,SUBROGADA,HGMGG-LPN-01-2148,010.000.3623.00  ,02-01-0117,ELECTROLITOS ORALES 27.9 G,SOBRE,,ELECTROLITOS APO,$4.16,166
"DISTRIBUIDORA INTERNACIONAL DE MEDICAMENTOS Y EQUIPO MÉDICO, S.A. DE C.V.",LA-012NBB001-E8-2149,SUBROGADA,HGMGG-LPN-01-2149,010.000.0611.00  (50),02-01-0119,"EPINEFRINA, 1 MG/ML",ÁMPULA,,"LABORATORIOS PISA, S.A. DE C.V.",$5.73,1965
"DISTRIBUIDORA INTERNACIONAL DE MEDICAMENTOS Y EQUIPO MÉDICO, S.A. DE C.V.",LA-012NBB001-E8-2150,SUBROGADA,HGMGG-LPN-01-2150,040.000.1544.00  (50),02-01-0180,"ERGONOVINA, 0.2 MG/ML",ÁMPULA,,"LABORATORIOS PISA, S.A. DE C.V.",$13.60,378
"DISTRIBUIDORA INTERNACIONAL DE MEDICAMENTOS Y EQUIPO MÉDICO, S.A. DE C.V.",LA-012NBB001-E8-2151,SUBROGADA,HGMGG-LPN-01-2151,040.000.2673.00,02-01-0337,ERGOTAMINA/CAFEINA 1 MG,COMPRIMIDO,,ERGOCAF,$16.94,0
"DISTRIBUIDORA INTERNACIONAL DE MEDICAMENTOS Y EQUIPO MÉDICO, S.A. DE C.V.",LA-012NBB001-E8-2152,SUBROGADA,HGMGG-LPN-01-2152,010.000.1971.00  (20),02-01-0598,"ERITROMICINA, 500 MG",TABLETA,,TROPHARMA,$4.08,122
"DISTRIBUIDORA INTERNACIONAL DE MEDICAMENTOS Y EQUIPO MÉDICO, S.A. DE C.V.",LA-012NBB001-E8-2153,SUBROGADA,HGMGG-LPN-01-2153,010.000.4301.00,02-01-0693,ERTAPENEM 1G.,FRASCO ÁMPULA,,INVANZ,"$2,166.67",1480
"DISTRIBUIDORA INTERNACIONAL DE MEDICAMENTOS Y EQUIPO MÉDICO, S.A. DE C.V.",LA-012NBB001-E8-2154,SUBROGADA,HGMGG-LPN-01-2154,010.000.5104.00,02-01-0415,ESMOLOL 100 MG./10 ML,FRASCO ÁMPULA,,ORPHA DEVEL HANDELS,"$4,166.67",0
"DISTRIBUIDORA INTERNACIONAL DE MEDICAMENTOS Y EQUIPO MÉDICO, S.A. DE C.V.",LA-012NBB001-E8-2155,SUBROGADA,HGMGG-LPN-01-2155,010.000.5104.00  ,02-01-0810,"ESMOLOL, 2.5 G/10 ML",FRASCO ÁMPULA,,"LABORATORIOS PISA, S.A. DE C.V.","$1,533.33",17
"DISTRIBUIDORA INTERNACIONAL DE MEDICAMENTOS Y EQUIPO MÉDICO, S.A. DE C.V.",LA-012NBB001-E8-2156,SUBROGADA,HGMGG-LPN-01-2156,010.000.2156.00  (30),02-01-0123,"ESPIRONOLACTONA, 100 MG",TABLETA,,"PFIZER, S.A. DE C.V.",$12.12,388
"DISTRIBUIDORA INTERNACIONAL DE MEDICAMENTOS Y EQUIPO MÉDICO, S.A. DE C.V.",LA-012NBB001-E8-2157,SUBROGADA,HGMGG-LPN-01-2157,010.000.2304.00/010.000.2304.01  (20 Y 30),02-01-0122,"ESPIRONOLACTONA, 25 MG",TABLETA,,NOLASQUE,$0.79,463
"DISTRIBUIDORA INTERNACIONAL DE MEDICAMENTOS Y EQUIPO MÉDICO, S.A. DE C.V.",LA-012NBB001-E8-2158,SUBROGADA,HGMGG-LPN-01-2158,010.000.1736.00,02-01-0310,"ESTREPTOQUINASA, 1,500.000 U.I.",FRASCO ÁMPULA,,"LABORATORIOS PISA, S.A. DE C.V.","$5,225.65",3
"DISTRIBUIDORA INTERNACIONAL DE MEDICAMENTOS Y EQUIPO MÉDICO, S.A. DE C.V.",LA-012NBB001-E8-2159,SUBROGADA,HGMGG-LPN-01-2159,010.000.2405.00  (50 ),02-01-0510,"ETAMBUTOL, 400 MG",TABLETA,,"ARLEX DE MEXICO, S.A. DE C.V.",$3.04,0
"DISTRIBUIDORA INTERNACIONAL DE MEDICAMENTOS Y EQUIPO MÉDICO, S.A. DE C.V.",LA-012NBB001-E8-2160,SUBROGADA,HGMGG-LPN-01-2160,040.000.0243.00  (5),02-02-0042,"ETOMIDATO, 20 MG/10 ML",ÁMPULA,,"LABORATORIOS PISA, S.A. DE C.V.",$58.78,39
"DISTRIBUIDORA INTERNACIONAL DE MEDICAMENTOS Y EQUIPO MÉDICO, S.A. DE C.V.",LA-012NBB001-E8-2161,SUBROGADA,HGMGG-LPN-01-2161,"010.000.4025.00
010.000.4025.01",02-01-0710,"EZETIMIBA/SIMVASTATINA, 10 MG/20 MG",COMPRIMIDO,,"LABORATORIOS PISA, S.A. DE C.V.",$13.66,1
"DISTRIBUIDORA INTERNACIONAL DE MEDICAMENTOS Y EQUIPO MÉDICO, S.A. DE C.V.",LA-012NBB001-E8-2162,SUBROGADA,HGMGG-LPN-01-2162,010.000.4282.00,02-01-0730,"FACTOR VII, 2.4 U.I.",ÁMPULA,,NOVOSEVENT RT,"$93,106.88",0
"DISTRIBUIDORA INTERNACIONAL DE MEDICAMENTOS Y EQUIPO MÉDICO, S.A. DE C.V.",LA-012NBB001-E8-2163,SUBROGADA,HGMGG-LPN-01-2163,010.000.2871.00,02-01-0126,"FENILEFRINA 10%, 5 ML",FRASCO GOTERO,,NEFRIN OFTENO,$66.94,5
"DISTRIBUIDORA INTERNACIONAL DE MEDICAMENTOS Y EQUIPO MÉDICO, S.A. DE C.V.",LA-012NBB001-E8-2164,SUBROGADA,HGMGG-LPN-01-2164,010.000.0525.00  (50),02-01-0103,"FENITOINA SODICA, 100 MG",CÁPSULA,,"BIORESEARCH DE MEXICO, S.A. DE C.V.",$0.30,130
"DISTRIBUIDORA INTERNACIONAL DE MEDICAMENTOS Y EQUIPO MÉDICO, S.A. DE C.V.",LA-012NBB001-E8-2165,SUBROGADA,HGMGG-LPN-01-2165,010.000.2624.00,02-01-0130,"FENITOINA SODICA, 250 MG/5 ML",ÁMPULA,,"LABORATORIOS PISA, S.A. DE C.V.",$36.40,1474
"DISTRIBUIDORA INTERNACIONAL DE MEDICAMENTOS Y EQUIPO MÉDICO, S.A. DE C.V.",LA-012NBB001-E8-2166,SUBROGADA,HGMGG-LPN-01-2166,010.000.2611.00,02-01-0104,"FENITOINA, 125 G/250 ML",FRASCO,,FENIFFLER,$45.31,3
"DISTRIBUIDORA INTERNACIONAL DE MEDICAMENTOS Y EQUIPO MÉDICO, S.A. DE C.V.",LA-012NBB001-E8-2167,SUBROGADA,HGMGG-LPN-01-2167,040.000.2601.00 (20),02-01-0845,"FENOBARBITAL, 100 MG","TABLETA, FCO C/40",,FENABBOTT,$4.27,20
"DISTRIBUIDORA INTERNACIONAL DE MEDICAMENTOS Y EQUIPO MÉDICO, S.A. DE C.V.",LA-012NBB001-E8-2168,SUBROGADA,HGMGG-LPN-01-2168,FCB,02-02-0032,"FENOBARBITAL, 300 MG/2 ML",ÁMPULA,,"LABORATORIOS BONIN, S.A.","$1,875.00",0
"DISTRIBUIDORA INTERNACIONAL DE MEDICAMENTOS Y EQUIPO MÉDICO, S.A. DE C.V.",LA-012NBB001-E8-2169,SUBROGADA,HGMGG-LPN-01-2169,040.000.4027.00,02-02-0076,"FENTANILO TRANSDERMICO, 4.2 MG",PARCHE,,DUROGESIC D- TRANS,$609.04,20
"DISTRIBUIDORA INTERNACIONAL DE MEDICAMENTOS Y EQUIPO MÉDICO, S.A. DE C.V.",LA-012NBB001-E8-2170,SUBROGADA,HGMGG-LPN-01-2170,FCB,02-02-0077,"FENTANILO TRANSDERMICO, 8.4 MG",PARCHE,,DUROGESIC D- TRANS,"$1,298.96",15
"DISTRIBUIDORA INTERNACIONAL DE MEDICAMENTOS Y EQUIPO MÉDICO, S.A. DE C.V.",LA-012NBB001-E8-2171,SUBROGADA,HGMGG-LPN-01-2171,040.000.0242.00 (6),02-02-0007,"FENTANILO, CITRATO DE, 0.5 MG/10 ML",ÁMPULA,,"LABORATORIOS PISA, S.A. DE C.V.",$19.47,5100
"DISTRIBUIDORA INTERNACIONAL DE MEDICAMENTOS Y EQUIPO MÉDICO, S.A. DE C.V.",LA-012NBB001-E8-2172,SUBROGADA,HGMGG-LPN-01-2172,010.000.6070.00,02-01-0811,"FIBRINÓGENO HUMANO, 1.5 G/100 ML",SOLUCIÓN,,LFB BIOMEDICAMENTS,"$39,330.00",5
"DISTRIBUIDORA INTERNACIONAL DE MEDICAMENTOS Y EQUIPO MÉDICO, S.A. DE C.V.",LA-012NBB001-E8-2173,SUBROGADA,HGMGG-LPN-01-2173,010.000.0626.00/010.000.0626.01  (3 y 5),02-01-0287,"FITOMENADIONA, 10 MG/ML",ÁMPULA,,"LABORATORIOS PISA, S.A. DE C.V.",$8.03,699
"DISTRIBUIDORA INTERNACIONAL DE MEDICAMENTOS Y EQUIPO MÉDICO, S.A. DE C.V.",LA-012NBB001-E8-2174,SUBROGADA,HGMGG-LPN-01-2174,010.000.1732.00/010.000.1732.01  (3 y 5),02-01-0286,"FITOMENADIONA, 2 MG/0.5 ML",ÁMPULA,,"LABORATORIOS PISA, S.A. DE C.V.",$7.76,722
"DISTRIBUIDORA INTERNACIONAL DE MEDICAMENTOS Y EQUIPO MÉDICO, S.A. DE C.V.",LA-012NBB001-E8-2175,SUBROGADA,HGMGG-LPN-01-2175,010.000.2135.00,02-01-0128,"FLUCONAZOL, 100 MG",CÁPSULA,,"LABORATORIOS PISA, S.A. DE C.V.",$79.17,268
"DISTRIBUIDORA INTERNACIONAL DE MEDICAMENTOS Y EQUIPO MÉDICO, S.A. DE C.V.",LA-012NBB001-E8-2176,SUBROGADA,HGMGG-LPN-01-2176,010.000.2135.00,02-01-0127,"FLUCONAZOL, 100 MG/50 ML",FRASCO ÁMPULA,,"LABORATORIOS PISA, S.A. DE C.V.",$84.79,1217
"DISTRIBUIDORA INTERNACIONAL DE MEDICAMENTOS Y EQUIPO MÉDICO, S.A. DE C.V.",LA-012NBB001-E8-2177,SUBROGADA,HGMGG-LPN-01-2177,FCB,02-01-0813,"FLUCONAZOL, 150 MG",CÁPSULA,,"LABORATORIOS PISA, S.A. DE C.V.",$161.00,3
"DISTRIBUIDORA INTERNACIONAL DE MEDICAMENTOS Y EQUIPO MÉDICO, S.A. DE C.V.",LA-012NBB001-E8-2178,SUBROGADA,HGMGG-LPN-01-2178,FCB,02-01-0812,"FLUCONAZOL, 50 MG",CÁPSULA,,DIFLUCAN,$216.62,8
"DISTRIBUIDORA INTERNACIONAL DE MEDICAMENTOS Y EQUIPO MÉDICO, S.A. DE C.V.",LA-012NBB001-E8-2179,SUBROGADA,HGMGG-LPN-01-2179,040.000.4054.00 ,02-02-0009,"FLUMAZENIL, 0.5 MG/5 ML",ÁMPULA,,"LABORATORIOS PISA, S.A. DE C.V.",$367.56,22
"DISTRIBUIDORA INTERNACIONAL DE MEDICAMENTOS Y EQUIPO MÉDICO, S.A. DE C.V.",LA-012NBB001-E8-2180,SUBROGADA,HGMGG-LPN-01-2180,080.823.6236  (20%),02-01-0679,"FLUORESCEINA SODICA, 10% (",FRASCO,,LABORATORIOS SOPHIA S A DE C V,$247.16,0
"DISTRIBUIDORA INTERNACIONAL DE MEDICAMENTOS Y EQUIPO MÉDICO, S.A. DE C.V.",LA-012NBB001-E8-2181,SUBROGADA,HGMGG-LPN-01-2181,FCB,02-01-0814,"FLUOROMETOLONA, 0.1%",FRASCO GOTERO,,FLUMETOL NF OFTENO,$215.63,5
"DISTRIBUIDORA INTERNACIONAL DE MEDICAMENTOS Y EQUIPO MÉDICO, S.A. DE C.V.",LA-012NBB001-E8-2182,SUBROGADA,HGMGG-LPN-01-2182,"010.000.4483.00
010.000.4483.01",02-01-0618,"FLUOXETINA, 20 MG",TABLETA,,"LABORATORIOS PISA, S.A. DE C.V.",$1.09,65
"DISTRIBUIDORA INTERNACIONAL DE MEDICAMENTOS Y EQUIPO MÉDICO, S.A. DE C.V.",LA-012NBB001-E8-2183,SUBROGADA,HGMGG-LPN-01-2183,010.000.5426.00,02-01-0815,"FLUTAMIDA, 250 MG",TABLETA,,"LEMERY, S.A. DE C.V.",$4.78,0
"DISTRIBUIDORA INTERNACIONAL DE MEDICAMENTOS Y EQUIPO MÉDICO, S.A. DE C.V.",LA-012NBB001-E8-2184,SUBROGADA,HGMGG-LPN-01-2184,010.000.3617.00 (50),02-01-0131,"FOSFATO DE POTASIO, 1.550 MG/10 ML",ÁMPULA,,"LABORATORIOS PISA, S.A. DE C.V.",$14.61,2526
"DISTRIBUIDORA INTERNACIONAL DE MEDICAMENTOS Y EQUIPO MÉDICO, S.A. DE C.V.",LA-012NBB001-E8-2185,SUBROGADA,HGMGG-LPN-01-2185,010.000.1277.00,02-01-0131,FOSFATO Y CITRATO DE SODIO. SOLUCION PARA ENEMA. CADA 100 ML CONTIENEN: FOSFATO MONOSODICO 12 G Y 10 G. CITRATO DE SODIO ENVASE CON 133 ML Y CANULA RECTAL.,FRASCO,,VENOFERRUM,$82.67,0
"DISTRIBUIDORA INTERNACIONAL DE MEDICAMENTOS Y EQUIPO MÉDICO, S.A. DE C.V.",LA-012NBB001-E8-2186,SUBROGADA,HGMGG-LPN-01-2186,FCB,02-01-0780,"FOSFOMICINA, 1G ",FRASCO AMPULA,,"LABORATORIOS SENOSIAIN, S.A. DE C.V.",$175.24,380
"DISTRIBUIDORA INTERNACIONAL DE MEDICAMENTOS Y EQUIPO MÉDICO, S.A. DE C.V.",LA-012NBB001-E8-2187,SUBROGADA,HGMGG-LPN-01-2187,FCB,02-01-0779,"FOSFOMICINA, 4G ",FRASCO AMPULA,,"LABORATORIOS SENOSIAIN, S.A. DE C.V.",$626.63,27
"DISTRIBUIDORA INTERNACIONAL DE MEDICAMENTOS Y EQUIPO MÉDICO, S.A. DE C.V.",LA-012NBB001-E8-2188,SUBROGADA,HGMGG-LPN-01-2188,010.000.2308.00,02-01-0817,"FUROSEMIDA, 20 MG",TABLETA,,"SANOFI AVENTIS WINTHROP, S.A. DE C.V.",$3.43,16
"DISTRIBUIDORA INTERNACIONAL DE MEDICAMENTOS Y EQUIPO MÉDICO, S.A. DE C.V.",LA-012NBB001-E8-2189,SUBROGADA,HGMGG-LPN-01-2189,010.000.2308.00 (6),02-01-0132,"FUROSEMIDA, 20 MG/2 ML",ÁMPULA,,"LABORATORIOS PISA, S.A. DE C.V.",$3.56,8567
"DISTRIBUIDORA INTERNACIONAL DE MEDICAMENTOS Y EQUIPO MÉDICO, S.A. DE C.V.",LA-012NBB001-E8-2190,SUBROGADA,HGMGG-LPN-01-2190,010.000.2307.00 (20),02-01-0133,"FUROSEMIDA, 40 MG",TABLETA,,"INDUSTRIAS QUIMICO FARMACEUTICAS AMERICANAS, S.A. DE C.V.",$0.32,403
"DISTRIBUIDORA INTERNACIONAL DE MEDICAMENTOS Y EQUIPO MÉDICO, S.A. DE C.V.",LA-012NBB001-E8-2191,SUBROGADA,HGMGG-LPN-01-2191,010.000.4359.00  (15),02-01-0616,"GABAPENTINA, 300 MG",TABLETA,,"LABORATORIOS PISA, S.A. DE C.V.",$4.35,799
"DISTRIBUIDORA INTERNACIONAL DE MEDICAMENTOS Y EQUIPO MÉDICO, S.A. DE C.V.",LA-012NBB001-E8-2192,SUBROGADA,HGMGG-LPN-01-2192,FCB,02-01-0617,"GABAPENTINA, 400 MG",TABLETA,,GABANTIN,$7.08,143
"DISTRIBUIDORA INTERNACIONAL DE MEDICAMENTOS Y EQUIPO MÉDICO, S.A. DE C.V.",LA-012NBB001-E8-2193,SUBROGADA,HGMGG-LPN-01-2193,010.000.5268.00,02-01-0536,"GANCICLOVIR, 500 MG",FRASCO ÁMPULA,,"LABORATORIOS PISA, S.A. DE C.V.","$1,346.29",165
"DISTRIBUIDORA INTERNACIONAL DE MEDICAMENTOS Y EQUIPO MÉDICO, S.A. DE C.V.",LA-012NBB001-E8-2194,SUBROGADA,HGMGG-LPN-01-2194,FCB,02-01-0818,"GATIFLOXACINO, AL 0.3%  (SESQUIHIDRATADA)",SOLUCIÓN,,ZYMAR,$881.91,11
"DISTRIBUIDORA INTERNACIONAL DE MEDICAMENTOS Y EQUIPO MÉDICO, S.A. DE C.V.",LA-012NBB001-E8-2195,SUBROGADA,HGMGG-LPN-01-2195,010.000.4280.00/010.000.4280.01 (1 Y 5),02-01-0636,"GENTAMICINA EN PLACA DE COLAGENO, 130 MG, 10 CM X 10 CM X 0.5 CM ",PIEZA,,"SERRAL, S.A. DE C.V.","$1,420.74",0
"DISTRIBUIDORA INTERNACIONAL DE MEDICAMENTOS Y EQUIPO MÉDICO, S.A. DE C.V.",LA-012NBB001-E8-2196,SUBROGADA,HGMGG-LPN-01-2196,010.000.1955.00,02-01-0427,"GENTAMICINA, 20 MG/2 ML",ÁMPULA,,"LABORATORIOS PISA, S.A. DE C.V.",$7.03,5
"DISTRIBUIDORA INTERNACIONAL DE MEDICAMENTOS Y EQUIPO MÉDICO, S.A. DE C.V.",LA-012NBB001-E8-2197,SUBROGADA,HGMGG-LPN-01-2197,010.000.1954.00,02-01-0136,"GENTAMICINA, SULFATO DE, 80 MG/2 ML",ÁMPULA,,"LABORATORIOS PISA, S.A. DE C.V.",$6.19,199
"DISTRIBUIDORA INTERNACIONAL DE MEDICAMENTOS Y EQUIPO MÉDICO, S.A. DE C.V.",LA-012NBB001-E8-2198,SUBROGADA,HGMGG-LPN-01-2198,010.000.1042.00  (50),02-01-0137,"GLIBENCLAMIDA, 5 MG",CÁPSULA,,"INDUSTRIAS QUIMICO FARMACEUTICAS AMERICANAS, S.A. DE C.V.",$0.10,1
"DISTRIBUIDORA INTERNACIONAL DE MEDICAMENTOS Y EQUIPO MÉDICO, S.A. DE C.V.",LA-012NBB001-E8-2199,SUBROGADA,HGMGG-LPN-01-2199,010.000.3620.00/010.000.3620.01  (50 Y 100),02-01-0139,"GLUCONATO DE CALCIO AL 10%, 1.000 MG/ 10 ML",ÁMPULA,,"LABORATORIOS PISA, S.A. DE C.V.",$3.94,2473
"DISTRIBUIDORA INTERNACIONAL DE MEDICAMENTOS Y EQUIPO MÉDICO, S.A. DE C.V.",LA-012NBB001-E8-2200,SUBROGADA,HGMGG-LPN-01-2200,010.000.3606.00,02-01-0093,"GLUCOSA AL 50%, 25 G/ 50 ML",FRASCO ÁMPULA,,"LABORATORIOS PISA, S.A. DE C.V.",$33.65,2823
"DISTRIBUIDORA INTERNACIONAL DE MEDICAMENTOS Y EQUIPO MÉDICO, S.A. DE C.V.",LA-012NBB001-E8-2201,SUBROGADA,HGMGG-LPN-01-2201,FCB,02-01-0820,"GOSERELINA, 3.6 MG ó 10.8 MG",IMPLANTE,,,,0
"DISTRIBUIDORA INTERNACIONAL DE MEDICAMENTOS Y EQUIPO MÉDICO, S.A. DE C.V.",LA-012NBB001-E8-2202,SUBROGADA,HGMGG-LPN-01-2202,040.000.4477.00  (,02-02-0012,"HALOPERIDOL, 2 MG/ML",FRASCO GOTERO,,"PSICOFARMA, S.A. DE C.V.",$199.79,23
"DISTRIBUIDORA INTERNACIONAL DE MEDICAMENTOS Y EQUIPO MÉDICO, S.A. DE C.V.",LA-012NBB001-E8-2203,SUBROGADA,HGMGG-LPN-01-2203,040.000.3251.00  (20),02-02-0013,"HALOPERIDOL, 5 MG",TABLETA,,PERIDOL,$1.28,3
"DISTRIBUIDORA INTERNACIONAL DE MEDICAMENTOS Y EQUIPO MÉDICO, S.A. DE C.V.",LA-012NBB001-E8-2204,SUBROGADA,HGMGG-LPN-01-2204,040.000.3253.00  (5),02-02-0011,"HALOPERIDOL, 5 MG/ML",ÁMPULA,,"LABORATORIOS PISA, S.A. DE C.V.",$31.20,790
"DISTRIBUIDORA INTERNACIONAL DE MEDICAMENTOS Y EQUIPO MÉDICO, S.A. DE C.V.",LA-012NBB001-E8-2205,SUBROGADA,HGMGG-LPN-01-2205,010.000.0621.00 (50),02-01-0141,"HEPARINA SODICA, 1000 UI/10 ML",FRASCO ÁMPULA,,"LABORATORIOS PISA, S.A. DE C.V.",$31.84,395
"DISTRIBUIDORA INTERNACIONAL DE MEDICAMENTOS Y EQUIPO MÉDICO, S.A. DE C.V.",LA-012NBB001-E8-2206,SUBROGADA,HGMGG-LPN-01-2206,010.000.0622.00  (50),02-01-0142,"HEPARINA SODICA, 5000 UI/10 ML",FRASCO ÁMPULA,,"LABORATORIOS PISA, S.A. DE C.V.",$59.45,1209
"DISTRIBUIDORA INTERNACIONAL DE MEDICAMENTOS Y EQUIPO MÉDICO, S.A. DE C.V.",LA-012NBB001-E8-2207,SUBROGADA,HGMGG-LPN-01-2207,010.000.4402.00  ,02-01-0623,"HIALURONATO DE SODIO AL 1%,10 MG/ML ",JERINGA PRELLENADA,,HUMYLUB OFTENO,$873.34,9
"DISTRIBUIDORA INTERNACIONAL DE MEDICAMENTOS Y EQUIPO MÉDICO, S.A. DE C.V.",LA-012NBB001-E8-2208,SUBROGADA,HGMGG-LPN-01-2208,010.000.4402.00,02-01-0686,"HIALURONATO DE SODIO AL 1.8%, 16 MG ( ALTA DENSIDAD )",ÁMPULA,,"TECNOFARMA, S.A. DE C.V.","$1,265.90",151
"DISTRIBUIDORA INTERNACIONAL DE MEDICAMENTOS Y EQUIPO MÉDICO, S.A. DE C.V.",LA-012NBB001-E8-2209,SUBROGADA,HGMGG-LPN-01-2209,FCB,02-01-0782,"HIALURONATO DE SODIO, 25 MG ",ÁMPULA O JERINGA PRELLENADA,,SUPRAHYAL,$840.94,0
"DISTRIBUIDORA INTERNACIONAL DE MEDICAMENTOS Y EQUIPO MÉDICO, S.A. DE C.V.",LA-012NBB001-E8-2210,SUBROGADA,HGMGG-LPN-01-2210,010.000.0570.00  (20),02-01-0144,"HIDRALAZINA, 10 MG",COMPRIMIDO,,BIONOBAL,$0.60,11
"DISTRIBUIDORA INTERNACIONAL DE MEDICAMENTOS Y EQUIPO MÉDICO, S.A. DE C.V.",LA-012NBB001-E8-2211,SUBROGADA,HGMGG-LPN-01-2211,010.000.4201.00  (5),02-01-0700,"HIDRALAZINA, 20 MG/ML",ÁMPULA,,"VITALIS-PHARMA DE MEXICO, S.A. DE C.V.",$848.12,18
"DISTRIBUIDORA INTERNACIONAL DE MEDICAMENTOS Y EQUIPO MÉDICO, S.A. DE C.V.",LA-012NBB001-E8-2212,SUBROGADA,HGMGG-LPN-01-2212,010.000.0474.00,02-01-0585,"HIDROCORTISONA, 500 MG/5 ML",FRASCO ÁMPULA,,JANSSEN-CILAG DE MEXICO S DE RL CV,$158.03,359
"DISTRIBUIDORA INTERNACIONAL DE MEDICAMENTOS Y EQUIPO MÉDICO, S.A. DE C.V.",LA-012NBB001-E8-2213,SUBROGADA,HGMGG-LPN-01-2213,010.000.0474.00 (50),02-01-0146,"HIDROCORTISONA, SUCCINATO SODICO DE, 100 MG/2 ML",FRASCO ÁMPULA,,"LABORATORIOS PISA, S.A. DE C.V.",$23.02,1531
"DISTRIBUIDORA INTERNACIONAL DE MEDICAMENTOS Y EQUIPO MÉDICO, S.A. DE C.V.",LA-012NBB001-E8-2214,SUBROGADA,HGMGG-LPN-01-2214,FCB,02-02-0099,"HIDROMORFONA, 16 MG",TABLETA DE LIBERACIÓN PROLONGADA,,JANSSEN-CILAG DE MEXICO S DE RL CV,$312.50,0
"DISTRIBUIDORA INTERNACIONAL DE MEDICAMENTOS Y EQUIPO MÉDICO, S.A. DE C.V.",LA-012NBB001-E8-2215,SUBROGADA,HGMGG-LPN-01-2215,040.000.2113.00,SIN CÓDIGO,"HIDROMORFONA, 2 MG",TABLETA,,"LABORATORIOS PISA, S.A. DE C.V.",$17.66,0
"DISTRIBUIDORA INTERNACIONAL DE MEDICAMENTOS Y EQUIPO MÉDICO, S.A. DE C.V.",LA-012NBB001-E8-2216,SUBROGADA,HGMGG-LPN-01-2216,FCB,02-02-0090,"HIDROMORFONA, 2 MG/ML",ÁMPULA,,"PSICOFARMA, S.A. DE C.V.",$168.09,0
"DISTRIBUIDORA INTERNACIONAL DE MEDICAMENTOS Y EQUIPO MÉDICO, S.A. DE C.V.",LA-012NBB001-E8-2217,SUBROGADA,HGMGG-LPN-01-2217,FCB,02-02-0089,"HIDROMORFONA, 4 MG",TABLETA,,JANSSEN-CILAG DE MEXICO S DE RL CV,$107.14,0
"DISTRIBUIDORA INTERNACIONAL DE MEDICAMENTOS Y EQUIPO MÉDICO, S.A. DE C.V.",LA-012NBB001-E8-2218,SUBROGADA,HGMGG-LPN-01-2218,FCB,02-02-0100,"HIDROMORFONA, 8 MG",TABLETA DE LIBERACIÓN PROLONGADA,,JANSSEN-CILAG DE MEXICO S DE RL CV,$103.35,0
"DISTRIBUIDORA INTERNACIONAL DE MEDICAMENTOS Y EQUIPO MÉDICO, S.A. DE C.V.",LA-012NBB001-E8-2219,SUBROGADA,HGMGG-LPN-01-2219,FCB,02-01-0781,"HIDROXIPROGESTERONA, CAPROATO DE, 250 MG/ML",ÁMPULA,,"BAYER DE MEXICO, S.A. DE C.V.",$277.99,18
"DISTRIBUIDORA INTERNACIONAL DE MEDICAMENTOS Y EQUIPO MÉDICO, S.A. DE C.V.",LA-012NBB001-E8-2220,SUBROGADA,HGMGG-LPN-01-2220,010.000.1222.00,02-01-0148,"HIDROXIDO DE ALUMINIO,  10 G/240 ML",FRASCO,,"NOVAG INFANCIA, S.A. DE C.V.",$148.73,2
"DISTRIBUIDORA INTERNACIONAL DE MEDICAMENTOS Y EQUIPO MÉDICO, S.A. DE C.V.",LA-012NBB001-E8-2221,SUBROGADA,HGMGG-LPN-01-2221,FCB,02-01-0185,"HIDROXIPROPILMETILCELULOSA 5%,  10 ML",FRASCO GOTERO,,LABORATORIOS GRIN S A DE C V,$308.94,1
"DISTRIBUIDORA INTERNACIONAL DE MEDICAMENTOS Y EQUIPO MÉDICO, S.A. DE C.V.",LA-012NBB001-E8-2222,SUBROGADA,HGMGG-LPN-01-2222,010.000.2814.00,02-01-0821,"HIPROMELOSA, 0.5%",SOLUCIÓN,,EXALUM,$22.29,59
"DISTRIBUIDORA INTERNACIONAL DE MEDICAMENTOS Y EQUIPO MÉDICO, S.A. DE C.V.",LA-012NBB001-E8-2223,SUBROGADA,HGMGG-LPN-01-2223,010.000.2893.00,02-01-0822,"HIPROMELOSA, 2%",SOLUCIÓN,,CELULOSE GRIN,$123.64,36
"DISTRIBUIDORA INTERNACIONAL DE MEDICAMENTOS Y EQUIPO MÉDICO, S.A. DE C.V.",LA-012NBB001-E8-2224,SUBROGADA,HGMGG-LPN-01-2224,010.000.6076.00,02-01-0846,"IBUPROFENO, 10 MG/2 ML",ÁMPULA,,"PRODUCTOS FARMACEUTICOS, S.A. DE C.V.","$5,310.94",30
"DISTRIBUIDORA INTERNACIONAL DE MEDICAMENTOS Y EQUIPO MÉDICO, S.A. DE C.V.",LA-012NBB001-E8-2225,SUBROGADA,HGMGG-LPN-01-2225,010.000.5265.05,02-01-0506,"IMIPENEM Y CILASTATINA, 500 MG",FRASCO ÁMPULA,,"LABORATORIOS PISA, S.A. DE C.V.",$80.84,90
"DISTRIBUIDORA INTERNACIONAL DE MEDICAMENTOS Y EQUIPO MÉDICO, S.A. DE C.V.",LA-012NBB001-E8-2226,SUBROGADA,HGMGG-LPN-01-2226,040.000.3302.00 (20),02-02-0057,"IMIPRAMINA, 25 MG",GRAGEAS,,"ULTRA LABORATORIOS, S.A. DE C.V.",$0.65,0
"DISTRIBUIDORA INTERNACIONAL DE MEDICAMENTOS Y EQUIPO MÉDICO, S.A. DE C.V.",LA-012NBB001-E8-2227,SUBROGADA,HGMGG-LPN-01-2227,010.000.3412.00/010.000.3412.01 (6 Y 15),02-01-0152,"INDOMETACINA, 100 MG",SUPOSITORIO,,ARTAXOL,$4.32,740
"DISTRIBUIDORA INTERNACIONAL DE MEDICAMENTOS Y EQUIPO MÉDICO, S.A. DE C.V.",LA-012NBB001-E8-2228,SUBROGADA,HGMGG-LPN-01-2228,010.000.3413.00 (30),02-01-0151,"INDOMETACINA, 25 MG",CÁPSULA,,"BIORESEARCH DE MEXICO, S.A. DE C.V.",$0.48,6
"DISTRIBUIDORA INTERNACIONAL DE MEDICAMENTOS Y EQUIPO MÉDICO, S.A. DE C.V.",LA-012NBB001-E8-2229,SUBROGADA,HGMGG-LPN-01-2229,010.000.1591.00,02-01-0665,"INMUNOGLOBULINA ANTI D, 0.300 MG",FRASCO ÁMPULA,,IGAMAD,"$2,689.57",16
"DISTRIBUIDORA INTERNACIONAL DE MEDICAMENTOS Y EQUIPO MÉDICO, S.A. DE C.V.",LA-012NBB001-E8-2230,SUBROGADA,HGMGG-LPN-01-2230,010.000.5240.01,02-01-0709,"INMUNOGLOBULINA HUMANA NORMAL,  6 G",FRASCO,,"CSL BEHRING, S.A. DE C.V.","$16,380.37",128
"DISTRIBUIDORA INTERNACIONAL DE MEDICAMENTOS Y EQUIPO MÉDICO, S.A. DE C.V.",LA-012NBB001-E8-2231,SUBROGADA,HGMGG-LPN-01-2231,"010.000.4158.00
010.000.4158.01",02-01-0824,"INSULINA GLARGINA, 100 UI/ ML",FRASCO ÁMPULA,,"LABORATORIOS PISA, S.A. DE C.V.",$582.04,43
"DISTRIBUIDORA INTERNACIONAL DE MEDICAMENTOS Y EQUIPO MÉDICO, S.A. DE C.V.",LA-012NBB001-E8-2232,SUBROGADA,HGMGG-LPN-01-2232,010.000.1050.00/010.000.1050.01  (5 ml y 10 ml),02-01-0311,INSULINA HUMANA ACCIÓN INTERMEDIA (N.P.H.) 100 UI/10 ML,FRASCO ÁMPULA,,"LABORATORIOS PISA, S.A. DE C.V.",$56.80,195
"DISTRIBUIDORA INTERNACIONAL DE MEDICAMENTOS Y EQUIPO MÉDICO, S.A. DE C.V.",LA-012NBB001-E8-2233,SUBROGADA,HGMGG-LPN-01-2233,010.000.1051.00/010.000.1051.01  (5 ml y 10 ml),02-01-0156,"INSULINA HUMANA ACCIÓN RAPIDA, 100 UI/10 ML",FRASCO ÁMPULA,,"LABORATORIOS PISA, S.A. DE C.V.",$55.19,361
"DISTRIBUIDORA INTERNACIONAL DE MEDICAMENTOS Y EQUIPO MÉDICO, S.A. DE C.V.",LA-012NBB001-E8-2234,SUBROGADA,HGMGG-LPN-01-2234,010.000.4157.00,02-01-0606,"INSULINA LISPRO, 10 ML",FRASCO ÁMPULA,,HUMALOG,$287.32,78
"DISTRIBUIDORA INTERNACIONAL DE MEDICAMENTOS Y EQUIPO MÉDICO, S.A. DE C.V.",LA-012NBB001-E8-2235,SUBROGADA,HGMGG-LPN-01-2235,010.000.2187.00,02-01-0667,"IPRATROPIO,  BROMURO DE, 10 ML P/RESPIRADOR",FRASCO,,"BOEHRINGER INGELHEIM MEXICO, S.A. DE C.V.",$63.70,13
"DISTRIBUIDORA INTERNACIONAL DE MEDICAMENTOS Y EQUIPO MÉDICO, S.A. DE C.V.",LA-012NBB001-E8-2236,SUBROGADA,HGMGG-LPN-01-2236,010.000.2404.00,02-01-0677,"ISONIAZIDA, 100 MG",TABLETA,,VALIFLOL,$0.75,0
"DISTRIBUIDORA INTERNACIONAL DE MEDICAMENTOS Y EQUIPO MÉDICO, S.A. DE C.V.",LA-012NBB001-E8-2237,SUBROGADA,HGMGG-LPN-01-2237,010.000.2415.00,02-01-0513,"ISONIAZIDA/RIFAMPICINA, 200 MG/150 MG",TABLETA,,RIFINAH,$16.82,0
"DISTRIBUIDORA INTERNACIONAL DE MEDICAMENTOS Y EQUIPO MÉDICO, S.A. DE C.V.",LA-012NBB001-E8-2238,SUBROGADA,HGMGG-LPN-01-2238,010.000.0593.00  (20),02-01-0164,"ISOSORBIDA, DINITRATO DE, 10 MG",TABLETA,,"QUIMICA Y FARMACIA, S.A.DE C.V.",$0.29,26
"DISTRIBUIDORA INTERNACIONAL DE MEDICAMENTOS Y EQUIPO MÉDICO, S.A. DE C.V.",LA-012NBB001-E8-2239,SUBROGADA,HGMGG-LPN-01-2239,010.000.0592.00  (20),02-01-0163,"ISOSORBIDA, DINITRATO DE, 5 MG",TABLETA,,DEBISOR,$1.69,24
"DISTRIBUIDORA INTERNACIONAL DE MEDICAMENTOS Y EQUIPO MÉDICO, S.A. DE C.V.",LA-012NBB001-E8-2240,SUBROGADA,HGMGG-LPN-01-2240,010.000.2018.00  (15),02-01-0162,"ITRACONAZOL, 100 MG",CÁPSULA,,RIXTAL,$3.29,283
"DISTRIBUIDORA INTERNACIONAL DE MEDICAMENTOS Y EQUIPO MÉDICO, S.A. DE C.V.",LA-012NBB001-E8-2241,SUBROGADA,HGMGG-LPN-01-2241,040.000.0226.00,02-02-0015,"KETAMINA,  500 MG/10 ML",FRASCO ÁMPULA,,"LABORATORIOS PISA, S.A. DE C.V.",$42.09,132
"DISTRIBUIDORA INTERNACIONAL DE MEDICAMENTOS Y EQUIPO MÉDICO, S.A. DE C.V.",LA-012NBB001-E8-2242,SUBROGADA,HGMGG-LPN-01-2242,010.000.2016.00,02-01-0165,"KETOKONAZOL, 200 MG",TABLETA,,LIZOVAG,$1.02,1
"DISTRIBUIDORA INTERNACIONAL DE MEDICAMENTOS Y EQUIPO MÉDICO, S.A. DE C.V.",LA-012NBB001-E8-2243,SUBROGADA,HGMGG-LPN-01-2243,FCB,02-01-0333,"KETOPROPOFENO, 100 MG/2 ML",ÁMPULA,,TRALIKEN,$95.39,705
"DISTRIBUIDORA INTERNACIONAL DE MEDICAMENTOS Y EQUIPO MÉDICO, S.A. DE C.V.",LA-012NBB001-E8-2244,SUBROGADA,HGMGG-LPN-01-2244,FCB,02-01-0723,"KETOROLACO, 10 MG",TABLETA,,"LABORATORIOS PISA, S.A. DE C.V.",$3.09,1533
"DISTRIBUIDORA INTERNACIONAL DE MEDICAMENTOS Y EQUIPO MÉDICO, S.A. DE C.V.",LA-012NBB001-E8-2245,SUBROGADA,HGMGG-LPN-01-2245,010.000.3422.00 (3),02-01-0601,"KETOROLACO, 30 MG/ML",ÁMPULA,,"LABORATORIOS PISA, S.A. DE C.V.",$2.68,16330
"DISTRIBUIDORA INTERNACIONAL DE MEDICAMENTOS Y EQUIPO MÉDICO, S.A. DE C.V.",LA-012NBB001-E8-2246,SUBROGADA,HGMGG-LPN-01-2246,FCB,02-01-0853,"KETOROLACO/TRAMADOL, 10 MG/25 MG",TABLETA,,MAVIDOL TR,$41.34,36
"DISTRIBUIDORA INTERNACIONAL DE MEDICAMENTOS Y EQUIPO MÉDICO, S.A. DE C.V.",LA-012NBB001-E8-2247,SUBROGADA,HGMGG-LPN-01-2247,010.000.1006.00  (12),02-01-0381,"LACTATO GLUCONATO DE CALCIO, 500 MG",COMPRIMIDO,,"LABORATORIOS PISA, S.A. DE C.V.",$2.48,0
"DISTRIBUIDORA INTERNACIONAL DE MEDICAMENTOS Y EQUIPO MÉDICO, S.A. DE C.V.",LA-012NBB001-E8-2248,SUBROGADA,HGMGG-LPN-01-2248,"010.000.6099.00
010.000.6099.01",02-01-0707,"LACTULOSA, 10 G/15 ML ",FRASCO,,QUIMTULAC,$71.40,149
"DISTRIBUIDORA INTERNACIONAL DE MEDICAMENTOS Y EQUIPO MÉDICO, S.A. DE C.V.",LA-012NBB001-E8-2249,SUBROGADA,HGMGG-LPN-01-2249,010.000.5431.00,02-01-0826,"LEUPRORELINA, 3.75 MG",FRASCO ÁMPULA,,"ZURICH PHARMA, S.A. DE C.V.","$2,013.85",0
"DISTRIBUIDORA INTERNACIONAL DE MEDICAMENTOS Y EQUIPO MÉDICO, S.A. DE C.V.",LA-012NBB001-E8-2250,SUBROGADA,HGMGG-LPN-01-2250,010.000.2617.00 (60),02-01-0762,"LEVETIRACETAM,  500 MG",TABLETA,,KEPPRA,$20.10,576
"DISTRIBUIDORA INTERNACIONAL DE MEDICAMENTOS Y EQUIPO MÉDICO, S.A. DE C.V.",LA-012NBB001-E8-2251,SUBROGADA,HGMGG-LPN-01-2251,010.000.2616.00,02-01-0767,"LEVETIRACETAM,  500 MG/5ML",FRASCO,,LEPREZIL SL,"$1,245.84",737
"DISTRIBUIDORA INTERNACIONAL DE MEDICAMENTOS Y EQUIPO MÉDICO, S.A. DE C.V.",LA-012NBB001-E8-2252,SUBROGADA,HGMGG-LPN-01-2252,FCB,02-01-0792,"LEVETIRACETAM, 500 MG/ 5 ML ",FRASCO ÁMPULA,,,,20
"DISTRIBUIDORA INTERNACIONAL DE MEDICAMENTOS Y EQUIPO MÉDICO, S.A. DE C.V.",LA-012NBB001-E8-2253,SUBROGADA,HGMGG-LPN-01-2253,010.000.4249.00 MISMA CONCENTRACIÓN DIFERENTE PRESENTACIÓN,02-01-0676,"LEVOFLOXACINA, 750 MG",ÁMPULA,,"LABORATORIOS PISA, S.A. DE C.V.",$308.98,98
"DISTRIBUIDORA INTERNACIONAL DE MEDICAMENTOS Y EQUIPO MÉDICO, S.A. DE C.V.",LA-012NBB001-E8-2254,SUBROGADA,HGMGG-LPN-01-2254,040.000.5476.00,02-02-0095,"LEVOMEPROMAZINA, 25 MG/1",ÁMPULA,,SINOGAN,$34.87,0
"DISTRIBUIDORA INTERNACIONAL DE MEDICAMENTOS Y EQUIPO MÉDICO, S.A. DE C.V.",LA-012NBB001-E8-2255,SUBROGADA,HGMGG-LPN-01-2255,010.000.6075.00,02-01-0697,"LEVONORGESTREL, 75 MG",IMPLANTE,,MICROLUT,$22.54,0
"DISTRIBUIDORA INTERNACIONAL DE MEDICAMENTOS Y EQUIPO MÉDICO, S.A. DE C.V.",LA-012NBB001-E8-2256,SUBROGADA,HGMGG-LPN-01-2256,010.000.1007.00,02-01-0176,"LEVOTIROXINA SODICA, 100 MCG",TABLETA,,CYNOCUATRO,$6.28,691
"DISTRIBUIDORA INTERNACIONAL DE MEDICAMENTOS Y EQUIPO MÉDICO, S.A. DE C.V.",LA-012NBB001-E8-2257,SUBROGADA,HGMGG-LPN-01-2257,010.000.0261.00 (5),02-01-0170,"LIDOCAINA 1% , 500 MG/50 ML",FRASCO ÁMPULA,,"LABORATORIOS PISA, S.A. DE C.V.",$26.42,202
"DISTRIBUIDORA INTERNACIONAL DE MEDICAMENTOS Y EQUIPO MÉDICO, S.A. DE C.V.",LA-012NBB001-E8-2258,SUBROGADA,HGMGG-LPN-01-2258,010.000.0262.00  (5),02-01-0171,"LIDOCAINA 2% ,  1 G/50 ML",FRASCO ÁMPULA,,"LABORATORIOS PISA, S.A. DE C.V.",$27.49,1608
"DISTRIBUIDORA INTERNACIONAL DE MEDICAMENTOS Y EQUIPO MÉDICO, S.A. DE C.V.",LA-012NBB001-E8-2259,SUBROGADA,HGMGG-LPN-01-2259,010.000.0264.00,02-01-0174,"LIDOCAINA SPRAY 10%, 110 MG",FRASCO,,"LABORATORIOS PISA, S.A. DE C.V.",$127.95,139
"DISTRIBUIDORA INTERNACIONAL DE MEDICAMENTOS Y EQUIPO MÉDICO, S.A. DE C.V.",LA-012NBB001-E8-2260,SUBROGADA,HGMGG-LPN-01-2260,010.000.0267.00,02-03-0029,"LIDOCAINA Y EPINEFRINA AL 2%, 1.8 ML",CARTUCHO DENTAL,,"LABORATORIOS PISA, S.A. DE C.V.",$5.50,1750
"DISTRIBUIDORA INTERNACIONAL DE MEDICAMENTOS Y EQUIPO MÉDICO, S.A. DE C.V.",LA-012NBB001-E8-2261,SUBROGADA,HGMGG-LPN-01-2261,010.000.0263.00  (50),02-01-0173,"LIDOCAINA, 5%,  100 MG/2 ML",ÁMPULA,,"LABORATORIOS PISA, S.A. DE C.V.",$0.04,0
"DISTRIBUIDORA INTERNACIONAL DE MEDICAMENTOS Y EQUIPO MÉDICO, S.A. DE C.V.",LA-012NBB001-E8-2262,SUBROGADA,HGMGG-LPN-01-2262,010.000.0265.00  (5),02-01-0172,"LIDOCAINA/EPINEFRINA AL 2%, 500 MG/50 ML",FRASCO ÁMPULA,,"LABORATORIOS PISA, S.A. DE C.V.",$31.14,694
"DISTRIBUIDORA INTERNACIONAL DE MEDICAMENTOS Y EQUIPO MÉDICO, S.A. DE C.V.",LA-012NBB001-E8-2263,SUBROGADA,HGMGG-LPN-01-2263,FCB,02-03-0041,"LIDOCAINA/PRILOCAINA  AL 25%, 30 G",TUBO,,"ASPEN LABS, S.A. DE C.V.",$371.25,0
"DISTRIBUIDORA INTERNACIONAL DE MEDICAMENTOS Y EQUIPO MÉDICO, S.A. DE C.V.",LA-012NBB001-E8-2264,SUBROGADA,HGMGG-LPN-01-2264,010.000.4291.00,02-01-0725,"LINEZOLID, 600 MG/300ML",BOLSA,,LINEZOLID,$287.50,420
"DISTRIBUIDORA INTERNACIONAL DE MEDICAMENTOS Y EQUIPO MÉDICO, S.A. DE C.V.",LA-012NBB001-E8-2265,SUBROGADA,HGMGG-LPN-01-2265,FCB,02-03-0042,LIQUIDO PESADO PURIFICADO PARA USO INTRAOCULAR (PERFLUORURO DE KALINA),"VÍAL, FRASCO ÁMPULA Ó JERINGA PRELLENADA",,"BAUSCH & LOMB MEXICO, S.A. DE C.V.","$2,288.47",10
"DISTRIBUIDORA INTERNACIONAL DE MEDICAMENTOS Y EQUIPO MÉDICO, S.A. DE C.V.",LA-012NBB001-E8-2266,SUBROGADA,HGMGG-LPN-01-2266,010.000.4184.00  (12),02-01-0179,"LOPERAMIDA, 2 MG",TABLETA,,"INDUSTRIAS QUIMICO FARMACEUTICAS AMERICANAS, S.A. DE C.V.",$0.44,3162
"DISTRIBUIDORA INTERNACIONAL DE MEDICAMENTOS Y EQUIPO MÉDICO, S.A. DE C.V.",LA-012NBB001-E8-2267,SUBROGADA,HGMGG-LPN-01-2267,010.000.5288.00,02-01-0765,LOPINAVIR 200 MG / RITONAVIR 50 MG,TABLETA,,KALETRA,$44.24,120
"DISTRIBUIDORA INTERNACIONAL DE MEDICAMENTOS Y EQUIPO MÉDICO, S.A. DE C.V.",LA-012NBB001-E8-2268,SUBROGADA,HGMGG-LPN-01-2268,010.000.2145.00,02-01-0847,"LORATADINA, 100 MG/100 ML ",FRASCO,,LARITOL,$46.00,16
"DISTRIBUIDORA INTERNACIONAL DE MEDICAMENTOS Y EQUIPO MÉDICO, S.A. DE C.V.",LA-012NBB001-E8-2269,SUBROGADA,HGMGG-LPN-01-2269,FCB,02-02-0065,"LORAZEPAM, 2 MG",TABLETA,,ATIVAN,$15.98,685
"DISTRIBUIDORA INTERNACIONAL DE MEDICAMENTOS Y EQUIPO MÉDICO, S.A. DE C.V.",LA-012NBB001-E8-2270,SUBROGADA,HGMGG-LPN-01-2270,FCB,02-03-0034,"MEPIVACAINA, 3%, ",CARTUCHO DENTAL,,DENTOCAIN SIMPLE,$7.72,0
"DISTRIBUIDORA INTERNACIONAL DE MEDICAMENTOS Y EQUIPO MÉDICO, S.A. DE C.V.",LA-012NBB001-E8-2271,SUBROGADA,HGMGG-LPN-01-2271,010.000.5292.00,02-01-0591,"MEROPENEM, 1 G",FRASCO ÁMPULA,,"LABORATORIOS PISA, S.A. DE C.V.",$316.67,2034
"DISTRIBUIDORA INTERNACIONAL DE MEDICAMENTOS Y EQUIPO MÉDICO, S.A. DE C.V.",LA-012NBB001-E8-2272,SUBROGADA,HGMGG-LPN-01-2272,040.000.5910.00,02-02-0091,"METADONA, 10 MG",TABLETA,,"LABORATORIOS PISA, S.A. DE C.V.",$12.09,0
"DISTRIBUIDORA INTERNACIONAL DE MEDICAMENTOS Y EQUIPO MÉDICO, S.A. DE C.V.",LA-012NBB001-E8-2273,SUBROGADA,HGMGG-LPN-01-2273,FCB,02-02-0092,"METADONA, 5 MG",TABLETA,,"LABORATORIOS PISA, S.A. DE C.V.",$11.48,0
"DISTRIBUIDORA INTERNACIONAL DE MEDICAMENTOS Y EQUIPO MÉDICO, S.A. DE C.V.",LA-012NBB001-E8-2274,SUBROGADA,HGMGG-LPN-01-2274,010.000.0109.00 (3),02-01-0109,"METAMIZOL, 1 G/2 ML",ÁMPULA,,"LABORATORIOS PISA, S.A. DE C.V.",$2.91,2962
"DISTRIBUIDORA INTERNACIONAL DE MEDICAMENTOS Y EQUIPO MÉDICO, S.A. DE C.V.",LA-012NBB001-E8-2275,SUBROGADA,HGMGG-LPN-01-2275,010.000.0108.00  (10),02-01-0110,"METAMIZOL, 500 MG",COMPRIMIDO,,"LABORATORIOS PISA, S.A. DE C.V.",$0.50,33
"DISTRIBUIDORA INTERNACIONAL DE MEDICAMENTOS Y EQUIPO MÉDICO, S.A. DE C.V.",LA-012NBB001-E8-2276,SUBROGADA,HGMGG-LPN-01-2276,010.000.5165.00  (30),02-01-0691,"METFORMINA, 850 MG",TABLETA,,"LABORATORIOS PISA, S.A. DE C.V.",$0.36,232
"DISTRIBUIDORA INTERNACIONAL DE MEDICAMENTOS Y EQUIPO MÉDICO, S.A. DE C.V.",LA-012NBB001-E8-2277,SUBROGADA,HGMGG-LPN-01-2277,FCB,02-01-0184,"METIL CELULOSA AL 2%, 10 ML",FRASCO GOTERO,,METICEL OFTENO,$50.32,297
"DISTRIBUIDORA INTERNACIONAL DE MEDICAMENTOS Y EQUIPO MÉDICO, S.A. DE C.V.",LA-012NBB001-E8-2278,SUBROGADA,HGMGG-LPN-01-2278,010.000.0476.00  (50),02-01-0187,"METILPREDNISOLONA, 500 MG/8 ML",FRASCO ÁMPULA,,"LABORATORIOS PISA, S.A. DE C.V.",$146.07,696
"DISTRIBUIDORA INTERNACIONAL DE MEDICAMENTOS Y EQUIPO MÉDICO, S.A. DE C.V.",LA-012NBB001-E8-2279,SUBROGADA,HGMGG-LPN-01-2279,010.000.3433.00 ,02-01-0186,"METILPREDNISOLONA, 80 MG/2 ML",FRASCO ÁMPULA,,"LABORATORIOS PISA, S.A. DE C.V.",$42.28,130
"DISTRIBUIDORA INTERNACIONAL DE MEDICAMENTOS Y EQUIPO MÉDICO, S.A. DE C.V.",LA-012NBB001-E8-2280,SUBROGADA,HGMGG-LPN-01-2280,010.000.1242.00  (20),02-01-0190,"METOCLOPRAMIDA, 10 MG",COMPRIMIDO,,"INDUSTRIAS QUIMICO FARMACEUTICAS AMERICANAS, S.A. DE C.V.",$4.38,109
"DISTRIBUIDORA INTERNACIONAL DE MEDICAMENTOS Y EQUIPO MÉDICO, S.A. DE C.V.",LA-012NBB001-E8-2281,SUBROGADA,HGMGG-LPN-01-2281,010.000.1241.00  (6),02-01-0189,"METOCLOPRAMIDA, 10 MG/2 ML",ÁMPULA,,"LABORATORIOS PISA, S.A. DE C.V.",$1.64,5761
"DISTRIBUIDORA INTERNACIONAL DE MEDICAMENTOS Y EQUIPO MÉDICO, S.A. DE C.V.",LA-012NBB001-E8-2282,SUBROGADA,HGMGG-LPN-01-2282,DIFERENTE CONCENTRACIÓN PARA PEDIATRÍA,02-01-0844,"METOCLOPRAMIDA, 100 MG/100 ML",FRASCO,,CARNOTPRIM,$266.11,22
"DISTRIBUIDORA INTERNACIONAL DE MEDICAMENTOS Y EQUIPO MÉDICO, S.A. DE C.V.",LA-012NBB001-E8-2283,SUBROGADA,HGMGG-LPN-01-2283,010.000.0572.00  (20),02-01-0191,"METOPROLOL, 100 MG",TABLETA,,KENAPROL,$0.44,1142
"DISTRIBUIDORA INTERNACIONAL DE MEDICAMENTOS Y EQUIPO MÉDICO, S.A. DE C.V.",LA-012NBB001-E8-2284,SUBROGADA,HGMGG-LPN-01-2284,010.000.1308.00/010.000.1308.01 (20 Y 30),02-01-0196,"METRONIDAZOL, 500 MG",TABLETA,,"LABORATORIOS ALPHARMA, S.A. DE C.V.",$0.44,232
"DISTRIBUIDORA INTERNACIONAL DE MEDICAMENTOS Y EQUIPO MÉDICO, S.A. DE C.V.",LA-012NBB001-E8-2285,SUBROGADA,HGMGG-LPN-01-2285,010.000.1311.00,02-01-0193,"METRONIDAZOL, 500 MG/100 ML",FRASCO ÁMPULA,,"LABORATORIOS PISA, S.A. DE C.V.",$14.35,8256
"DISTRIBUIDORA INTERNACIONAL DE MEDICAMENTOS Y EQUIPO MÉDICO, S.A. DE C.V.",LA-012NBB001-E8-2286,SUBROGADA,HGMGG-LPN-01-2286,010.000.5381.00,02-01-0779,"MEZCLA DE OLIGOELEMENTOS, 10 ML.",AMPULA,,"LABORATORIOS PISA, S.A. DE C.V.",$92.00,0
"DISTRIBUIDORA INTERNACIONAL DE MEDICAMENTOS Y EQUIPO MÉDICO, S.A. DE C.V.",LA-012NBB001-E8-2287,SUBROGADA,HGMGG-LPN-01-2287,040.000.4057.00,02-02-0019,"MIDAZOLAM, 15 MG/3 ML",ÁMPULA,,"LABORATORIOS PISA, S.A. DE C.V.",$16.00,10505
"DISTRIBUIDORA INTERNACIONAL DE MEDICAMENTOS Y EQUIPO MÉDICO, S.A. DE C.V.",LA-012NBB001-E8-2288,SUBROGADA,HGMGG-LPN-01-2288,040.000.2108.00,02-02-0064,"MIDAZOLAM, 5 MG/5 ML",ÁMPULA,,"LABORATORIOS PISA, S.A. DE C.V.",$46.00,1785
"DISTRIBUIDORA INTERNACIONAL DE MEDICAMENTOS Y EQUIPO MÉDICO, S.A. DE C.V.",LA-012NBB001-E8-2289,SUBROGADA,HGMGG-LPN-01-2289,"010.000.6012.00-4 (1,2,4 Y 8)",02-01-0339,"MISOPROSTOL, 200 MCG",TABLETA,,CYRUX,$31.65,1972
"DISTRIBUIDORA INTERNACIONAL DE MEDICAMENTOS Y EQUIPO MÉDICO, S.A. DE C.V.",LA-012NBB001-E8-2290,SUBROGADA,HGMGG-LPN-01-2290,010.000.6011.00,02-01-0781,"MISOPROSTOL, 200 MCG ",IMPLANTE,,MYSPESS,"$1,796.17",0
"DISTRIBUIDORA INTERNACIONAL DE MEDICAMENTOS Y EQUIPO MÉDICO, S.A. DE C.V.",LA-012NBB001-E8-2291,SUBROGADA,HGMGG-LPN-01-2291,010.000.3022.00,02-01-0748,"MITOMICINA, 5MG",FRASCO ÁMPULA,,"LABORATORIOS PISA, S.A. DE C.V.",$242.61,0
"DISTRIBUIDORA INTERNACIONAL DE MEDICAMENTOS Y EQUIPO MÉDICO, S.A. DE C.V.",LA-012NBB001-E8-2292,SUBROGADA,HGMGG-LPN-01-2292,"400,002,099",02-02-0106,"MORFINA PENTAHIDRATADA, 2.5MG/2.5ML",ÁMPULA,,"LABORATORIOS PISA, S.A. DE C.V.",$37.22,120
"DISTRIBUIDORA INTERNACIONAL DE MEDICAMENTOS Y EQUIPO MÉDICO, S.A. DE C.V.",LA-012NBB001-E8-2293,SUBROGADA,HGMGG-LPN-01-2293,"400,002,103",02-02-0094,"MORFINA, 10 MG",TABLETA,,,,100
"DISTRIBUIDORA INTERNACIONAL DE MEDICAMENTOS Y EQUIPO MÉDICO, S.A. DE C.V.",LA-012NBB001-E8-2294,SUBROGADA,HGMGG-LPN-01-2294,040.000.2103.00  (5),02-02-0069,"MORFINA, 10 MG/10 ML",ÁMPULA,,"LABORATORIOS PISA, S.A. DE C.V.",$224.43,180
"DISTRIBUIDORA INTERNACIONAL DE MEDICAMENTOS Y EQUIPO MÉDICO, S.A. DE C.V.",LA-012NBB001-E8-2295,SUBROGADA,HGMGG-LPN-01-2295,MISMA CONCENTRACIÓN VOLÚMEN DIFERENTE (040.000.2103.00),02-02-0081,"MORFINA, 10 MG/ML,  20 ML",FRASCO ÁMPULA,,"LABORATORIOS PISA, S.A. DE C.V.",$676.24,0
"DISTRIBUIDORA INTERNACIONAL DE MEDICAMENTOS Y EQUIPO MÉDICO, S.A. DE C.V.",LA-012NBB001-E8-2296,SUBROGADA,HGMGG-LPN-01-2296,040.000.4029.00  (20),02-02-0082,"MORFINA, 30 MG",TABLETA,,"LABORATORIOS PISA, S.A. DE C.V.",$6.53,200
"DISTRIBUIDORA INTERNACIONAL DE MEDICAMENTOS Y EQUIPO MÉDICO, S.A. DE C.V.",LA-012NBB001-E8-2297,SUBROGADA,HGMGG-LPN-01-2297,FCB,,"MOSAPRIDA, 2.5 MG",TABLETA,,DOSIER,$6.22,147
"DISTRIBUIDORA INTERNACIONAL DE MEDICAMENTOS Y EQUIPO MÉDICO, S.A. DE C.V.",LA-012NBB001-E8-2298,SUBROGADA,HGMGG-LPN-01-2298,FCB,02-01-0745,MOXIFLOXACINO AL 0.5%,FRASCO GOTERO,,"NOVARTIS FARMACEUTICA, S.A. DE C.V.",$486.39,178
"DISTRIBUIDORA INTERNACIONAL DE MEDICAMENTOS Y EQUIPO MÉDICO, S.A. DE C.V.",LA-012NBB001-E8-2299,SUBROGADA,HGMGG-LPN-01-2299,010.000.4253.00,02-01-0727,"MOXIFLOXACINO, 400 MG",FRASCO ÁMPULA,,"LABORATORIOS PISA, S.A. DE C.V.",$177.88,5
"DISTRIBUIDORA INTERNACIONAL DE MEDICAMENTOS Y EQUIPO MÉDICO, S.A. DE C.V.",LA-012NBB001-E8-2300,SUBROGADA,HGMGG-LPN-01-2300,010.000.5384.00  ,02-01-0582,MULTIVITAMINICO B-12,FRASCO ÁMPULA,,"LABORATORIOS PISA, S.A. DE C.V.",$77.47,1779
"DISTRIBUIDORA INTERNACIONAL DE MEDICAMENTOS Y EQUIPO MÉDICO, S.A. DE C.V.",LA-012NBB001-E8-2301,SUBROGADA,HGMGG-LPN-01-2301,010.000.2804.00,02-01-0843,"NAFAZOLINA,  1MG/ML.",FRASCO GOTERO,,OPHABRIK,$13.80,5
"DISTRIBUIDORA INTERNACIONAL DE MEDICAMENTOS Y EQUIPO MÉDICO, S.A. DE C.V.",LA-012NBB001-E8-2302,SUBROGADA,HGMGG-LPN-01-2302,040.000.0132.00/040.000.0132.01  (3 y 5),02-02-0020,"NALBUFINA, 10 MG/1ML",ÁMPULA,,"LABORATORIOS PISA, S.A. DE C.V.",$8.17,186
"DISTRIBUIDORA INTERNACIONAL DE MEDICAMENTOS Y EQUIPO MÉDICO, S.A. DE C.V.",LA-012NBB001-E8-2303,SUBROGADA,HGMGG-LPN-01-2303,010.000.0302.00,02-02-0021,"NALOXONA,  0.4 MG/1 ML",ÁMPULA,,"LABORATORIOS PISA, S.A. DE C.V.",$20.99,0
"DISTRIBUIDORA INTERNACIONAL DE MEDICAMENTOS Y EQUIPO MÉDICO, S.A. DE C.V.",LA-012NBB001-E8-2304,SUBROGADA,HGMGG-LPN-01-2304,010.000.3407.00  (30),02-01-0309,"NAPROXENO, 250 MG",TABLETA,,"LABORATORIOS PISA, S.A. DE C.V.",$0.74,27
"DISTRIBUIDORA INTERNACIONAL DE MEDICAMENTOS Y EQUIPO MÉDICO, S.A. DE C.V.",LA-012NBB001-E8-2305,SUBROGADA,HGMGG-LPN-01-2305,010.000.2824.00,02-01-0830,"NEOMICINA 1.750 MG , POLIMIXINA B 5,000 U.I. y GRAMICIDINA 0.025 MG. ",FRASCO GOTERO,,"LABORATORIOS PIZZARD, S.A. DE C.V.",$23.90,12
"DISTRIBUIDORA INTERNACIONAL DE MEDICAMENTOS Y EQUIPO MÉDICO, S.A. DE C.V.",LA-012NBB001-E8-2306,SUBROGADA,HGMGG-LPN-01-2306,010.000.4176.00  (10),02-01-0205,"NEOMICINA, 250 MG",TABLETA,,"LABORATORIOS PISA, S.A. DE C.V.",$5.13,126
"DISTRIBUIDORA INTERNACIONAL DE MEDICAMENTOS Y EQUIPO MÉDICO, S.A. DE C.V.",LA-012NBB001-E8-2307,SUBROGADA,HGMGG-LPN-01-2307,010.000.0291.00  (6),02-01-0206,"NEOSTIGMINA, 0.5 MG/ML",ÁMPULA,,PROSTIGMINE,$25.88,520
"DISTRIBUIDORA INTERNACIONAL DE MEDICAMENTOS Y EQUIPO MÉDICO, S.A. DE C.V.",LA-012NBB001-E8-2308,SUBROGADA,HGMGG-LPN-01-2308,010.000.0597.00  820),02-01-0208,"NIFEDIPINO, 10 MG",CÁPSULA,,"TECNOFARMA, S.A. DE C.V.",$0.87,515
"DISTRIBUIDORA INTERNACIONAL DE MEDICAMENTOS Y EQUIPO MÉDICO, S.A. DE C.V.",LA-012NBB001-E8-2309,SUBROGADA,HGMGG-LPN-01-2309,010.000.0599.00,02-01-0794,"NIFEDIPINO, 30 MG",COMPRIMIDO DE LIBERACIÓN PROLONGADA,,"ULTRA LABORATORIOS, S.A. DE C.V.",$1.20,3847
"DISTRIBUIDORA INTERNACIONAL DE MEDICAMENTOS Y EQUIPO MÉDICO, S.A. DE C.V.",LA-012NBB001-E8-2310,SUBROGADA,HGMGG-LPN-01-2310,010.000.5424.00,02-01-0846,"NILUTAMIDA, 150 MG",TABLETA,,ANANDRON,$97.19,0
"DISTRIBUIDORA INTERNACIONAL DE MEDICAMENTOS Y EQUIPO MÉDICO, S.A. DE C.V.",LA-012NBB001-E8-2311,SUBROGADA,HGMGG-LPN-01-2311,010.000.5354.00,02-01-0521,"NIMODIPINO, 10 MG/50 ML",FRASCO ÁMPULA,,"LABORATORIOS PISA, S.A. DE C.V.",$241.01,12
"DISTRIBUIDORA INTERNACIONAL DE MEDICAMENTOS Y EQUIPO MÉDICO, S.A. DE C.V.",LA-012NBB001-E8-2312,SUBROGADA,HGMGG-LPN-01-2312,010.000.4260.00,02-01-0456,"NISTATINA,  100,000 UI/ ML",FRASCO,,PARASTINA,$44.14,54
"DISTRIBUIDORA INTERNACIONAL DE MEDICAMENTOS Y EQUIPO MÉDICO, S.A. DE C.V.",LA-012NBB001-E8-2313,SUBROGADA,HGMGG-LPN-01-2313,010.000.1911.00  (40),02-01-0210,"NITROFURANTOINA, 100 MG",CÁPSULA,,FUTROKEN,$2.30,53
"DISTRIBUIDORA INTERNACIONAL DE MEDICAMENTOS Y EQUIPO MÉDICO, S.A. DE C.V.",LA-012NBB001-E8-2314,SUBROGADA,HGMGG-LPN-01-2314,010.000.4114.00,02-01-0538,"NITROGLICERINA, 50 MG/10 ML",FRASCO ÁMPULA,,"LABORATORIOS PISA, S.A. DE C.V.",$205.98,67
"DISTRIBUIDORA INTERNACIONAL DE MEDICAMENTOS Y EQUIPO MÉDICO, S.A. DE C.V.",LA-012NBB001-E8-2315,SUBROGADA,HGMGG-LPN-01-2315,010.000.0569.00,02-01-0717,"NITROPRUSIATO, 50 MG/10 ML O 50 MG/2 ML",ÁMPULA,,PROARTCAR,"$7,064.74",14
"DISTRIBUIDORA INTERNACIONAL DE MEDICAMENTOS Y EQUIPO MÉDICO, S.A. DE C.V.",LA-012NBB001-E8-2316,SUBROGADA,HGMGG-LPN-01-2316,010.000.0612.00  (50),02-01-0459,"NOREPINEFRINA, 4 MG/4 ML",ÁMPULA,,"LABORATORIOS PISA, S.A. DE C.V.",$71.17,7661
"DISTRIBUIDORA INTERNACIONAL DE MEDICAMENTOS Y EQUIPO MÉDICO, S.A. DE C.V.",LA-012NBB001-E8-2317,SUBROGADA,HGMGG-LPN-01-2317,010.000.5171.00,02-01-0578,"OCTREOTIDA, 1 MG/5 ML",FRASCO ÁMPULA,,"LABORATORIOS PISA, S.A. DE C.V.",$455.14,300
"DISTRIBUIDORA INTERNACIONAL DE MEDICAMENTOS Y EQUIPO MÉDICO, S.A. DE C.V.",LA-012NBB001-E8-2318,SUBROGADA,HGMGG-LPN-01-2318,FCB,02-01-0600,"OFLOXACINA, 400 MG",ÁMPULA,,OC-XAL,$2.40,0
"DISTRIBUIDORA INTERNACIONAL DE MEDICAMENTOS Y EQUIPO MÉDICO, S.A. DE C.V.",LA-012NBB001-E8-2319,SUBROGADA,HGMGG-LPN-01-2319,"010.000.5186.00
010.000.5186.01
010.000.5186.02",02-01-0503,"OMEPRAZOL, 20 MG",AMPULA,,"ULTRA LABORATORIOS, S.A. DE C.V.",$0.40,215
"DISTRIBUIDORA INTERNACIONAL DE MEDICAMENTOS Y EQUIPO MÉDICO, S.A. DE C.V.",LA-012NBB001-E8-2320,SUBROGADA,HGMGG-LPN-01-2320,FCB,02-01-0832,"OMEPRAZOL, 40 MG",TABLETA,,"FARMACEUTICOS RAYERE, S.A.",$8.84,353
"DISTRIBUIDORA INTERNACIONAL DE MEDICAMENTOS Y EQUIPO MÉDICO, S.A. DE C.V.",LA-012NBB001-E8-2321,SUBROGADA,HGMGG-LPN-01-2321,010.000.5187.00,02-01-0594,"OMEPRAZOL, 40 MG/10 ML",FRASCO ÁMPULA,,"LABORATORIOS PISA, S.A. DE C.V.",$54.16,10395
"DISTRIBUIDORA INTERNACIONAL DE MEDICAMENTOS Y EQUIPO MÉDICO, S.A. DE C.V.",LA-012NBB001-E8-2322,SUBROGADA,HGMGG-LPN-01-2322,010.000.5428.00  (3),02-07-0011,"ONDANSENTRON,  8 MG/4 ML",ÁMPULA,,"LABORATORIOS PISA, S.A. DE C.V.",$31.30,2114
"DISTRIBUIDORA INTERNACIONAL DE MEDICAMENTOS Y EQUIPO MÉDICO, S.A. DE C.V.",LA-012NBB001-E8-2323,SUBROGADA,HGMGG-LPN-01-2323,FCB,,"ONDANSETRON 4 MG/ METOCLOPRAMIDA 10MG , 20ML",AMPULA,,CLODASET,$449.77,
"DISTRIBUIDORA INTERNACIONAL DE MEDICAMENTOS Y EQUIPO MÉDICO, S.A. DE C.V.",LA-012NBB001-E8-2324,SUBROGADA,HGMGG-LPN-01-2324,010.000.5428.00,02-01-0547,"ONDANSETRON, 4 MG/2 ML",ÁMPULA,,"LABORATORIOS PISA, S.A. DE C.V.",$41.86,6478
"DISTRIBUIDORA INTERNACIONAL DE MEDICAMENTOS Y EQUIPO MÉDICO, S.A. DE C.V.",LA-012NBB001-E8-2325,SUBROGADA,HGMGG-LPN-01-2325,010.000.2195.00,,"ONDANSETRON, 8MG",TABLETA,,"LABORATORIOS PISA, S.A. DE C.V.",$36.62,157
"DISTRIBUIDORA INTERNACIONAL DE MEDICAMENTOS Y EQUIPO MÉDICO, S.A. DE C.V.",LA-012NBB001-E8-2326,SUBROGADA,HGMGG-LPN-01-2326,010.000.1551.00 (3),02-01-0219,"ORCIPRENALINA, 0.5 MG/ML",ÁMPULA,,"VITALIS-PHARMA DE MEXICO, S.A. DE C.V.",$12.47,10
"DISTRIBUIDORA INTERNACIONAL DE MEDICAMENTOS Y EQUIPO MÉDICO, S.A. DE C.V.",LA-012NBB001-E8-2327,SUBROGADA,HGMGG-LPN-01-2327,"040.000.4033.00
040.000.4033.01",02-02-0072,"OXICODONA, 10 MG",COMPRIMIDO DE LIBERACIÓN PROLONGADA,,"PISICOFARMA, S.A. DE C.V.",$35.70,0
"DISTRIBUIDORA INTERNACIONAL DE MEDICAMENTOS Y EQUIPO MÉDICO, S.A. DE C.V.",LA-012NBB001-E8-2328,SUBROGADA,HGMGG-LPN-01-2328,"040.000.4032.00
040.000.4032.01",02-02-0101,"OXICODONA, 20 MG ",TABLETA DE LIBERACIÓN PROLONGADA,,"PISICOFARMA, S.A. DE C.V.",$74.82,0
"DISTRIBUIDORA INTERNACIONAL DE MEDICAMENTOS Y EQUIPO MÉDICO, S.A. DE C.V.",LA-012NBB001-E8-2329,SUBROGADA,HGMGG-LPN-01-2329,FCB,02-02-0103,"OXICODONA, 5 MG",TABLETA,,"PISICOFARMA, S.A. DE C.V.",$11.31,30
"DISTRIBUIDORA INTERNACIONAL DE MEDICAMENTOS Y EQUIPO MÉDICO, S.A. DE C.V.",LA-012NBB001-E8-2330,SUBROGADA,HGMGG-LPN-01-2330,FCB,02-02-0093,"OXICODONA/PARACETAMOL,  5 MG/325 MG",TABLETA,,"LABORATORIOS PISA, S.A. DE C.V.",$23.52,0
"DISTRIBUIDORA INTERNACIONAL DE MEDICAMENTOS Y EQUIPO MÉDICO, S.A. DE C.V.",LA-012NBB001-E8-2331,SUBROGADA,HGMGG-LPN-01-2331,010.000.2198.00,02-01-0221,"OXIMETAZOLINA, 0.5% 50.0 MG/100 ML",FRASCO,,"FARMACEUTICOS COLLINS, S.A. DE C.V.",$60.62,275
"DISTRIBUIDORA INTERNACIONAL DE MEDICAMENTOS Y EQUIPO MÉDICO, S.A. DE C.V.",LA-012NBB001-E8-2332,SUBROGADA,HGMGG-LPN-01-2332,010.000.2199.00,02-01-0222,"OXIMETAZOLINA, 0.025 %,  0.5 MG/20 ML",FRASCO,,"FARMACEUTICOS COLLINS, S.A. DE C.V.",$78.57,67
"DISTRIBUIDORA INTERNACIONAL DE MEDICAMENTOS Y EQUIPO MÉDICO, S.A. DE C.V.",LA-012NBB001-E8-2333,SUBROGADA,HGMGG-LPN-01-2333,010.000.1542.00  (50),02-01-0223,"OXITOCINA SINTETICA, 5 UI/ML",ÁMPULA,,"LABORATORIOS PISA, S.A. DE C.V.",$3.73,3886
"DISTRIBUIDORA INTERNACIONAL DE MEDICAMENTOS Y EQUIPO MÉDICO, S.A. DE C.V.",LA-012NBB001-E8-2334,SUBROGADA,HGMGG-LPN-01-2334,010.000.5721.00/010.000.5721.00  (1 y 4),02-01-0729,"PARACETAMOL, 1 G",FRASCO ÁMPULA,,"LABORATORIOS PISA, S.A. DE C.V.",$129.68,25783
"DISTRIBUIDORA INTERNACIONAL DE MEDICAMENTOS Y EQUIPO MÉDICO, S.A. DE C.V.",LA-012NBB001-E8-2335,SUBROGADA,HGMGG-LPN-01-2335,010.000.0106.00,02-01-0009,"PARACETAMOL, 1.5 G/15 ML",FRASCO GOTERO,,"LABORATORIOS SOLFRAN, S.A.",$5.47,10
"DISTRIBUIDORA INTERNACIONAL DE MEDICAMENTOS Y EQUIPO MÉDICO, S.A. DE C.V.",LA-012NBB001-E8-2336,SUBROGADA,HGMGG-LPN-01-2336,010.000.0105.00  (3),02-01-0008,"PARACETAMOL, 300 MG",SUPOSITORIO,,PIREMOL,$2.02,0
"DISTRIBUIDORA INTERNACIONAL DE MEDICAMENTOS Y EQUIPO MÉDICO, S.A. DE C.V.",LA-012NBB001-E8-2337,SUBROGADA,HGMGG-LPN-01-2337,FCB,02-01-0732,"PARACETAMOL, 3200 MG/100 ML",FRASCO,,PIREMOL,$23.00,96
"DISTRIBUIDORA INTERNACIONAL DE MEDICAMENTOS Y EQUIPO MÉDICO, S.A. DE C.V.",LA-012NBB001-E8-2338,SUBROGADA,HGMGG-LPN-01-2338,010.000.0104.00  (10),02-01-0010,"PARACETAMOL, 500 MG",COMPRIMIDO,,"IMPORTADORA Y MANUFACTURERA BRULUART, S.A.",$0.39,4820
"DISTRIBUIDORA INTERNACIONAL DE MEDICAMENTOS Y EQUIPO MÉDICO, S.A. DE C.V.",LA-012NBB001-E8-2339,SUBROGADA,HGMGG-LPN-01-2339,FCB,02-02-0071,"PARACETAMOL/CODEINA, 300 MG/60 MG",TABLETA,,TYLEX CD,$14.38,#¡VALOR!
"DISTRIBUIDORA INTERNACIONAL DE MEDICAMENTOS Y EQUIPO MÉDICO, S.A. DE C.V.",LA-012NBB001-E8-2340,SUBROGADA,HGMGG-LPN-01-2340,010.000.5481.00,02-01-0689,"PAROXETINA, 20 MG",TABLETA,,"LABORATORIOS PISA, S.A. DE C.V.",$1.24,7
"DISTRIBUIDORA INTERNACIONAL DE MEDICAMENTOS Y EQUIPO MÉDICO, S.A. DE C.V.",LA-012NBB001-E8-2341,SUBROGADA,HGMGG-LPN-01-2341,010.000.4122.00/010.000.4122.01  (4 Y 5),02-01-0551,"PENTOXIFILINA, 300 MG/15 ML",ÁMPULA,,TRENTAL,$117.20,17
"DISTRIBUIDORA INTERNACIONAL DE MEDICAMENTOS Y EQUIPO MÉDICO, S.A. DE C.V.",LA-012NBB001-E8-2342,SUBROGADA,HGMGG-LPN-01-2342,010.000.4117.00  (30),02-01-0234,"PENTOXIFILINA, 400 MG",TABLETA,,"LABORATORIOS PISA, S.A. DE C.V.",$1.12,36
"DISTRIBUIDORA INTERNACIONAL DE MEDICAMENTOS Y EQUIPO MÉDICO, S.A. DE C.V.",LA-012NBB001-E8-2343,SUBROGADA,HGMGG-LPN-01-2343,010.000.2851.00,02-01-0466,"PILOCARPINA, 20 MG/ ML, 2%",FRASCO GOTERO,,"PHARMACOS EXAKTA, S.A. DE C.V.",$145.66,20
"DISTRIBUIDORA INTERNACIONAL DE MEDICAMENTOS Y EQUIPO MÉDICO, S.A. DE C.V.",LA-012NBB001-E8-2344,SUBROGADA,HGMGG-LPN-01-2344,010.000.4592.00,02-01-0660,PIPERACILINA/TAZOBACTAM 4 G/500 MG,FRASCO ÁMPULA,,"LABORATORIOS PISA, S.A. DE C.V.",$73.06,580
"DISTRIBUIDORA INTERNACIONAL DE MEDICAMENTOS Y EQUIPO MÉDICO, S.A. DE C.V.",LA-012NBB001-E8-2345,SUBROGADA,HGMGG-LPN-01-2345,FCB,02-01-0819,"PIRFENIDONA GEL, 30 G",TUBO,,,,0
"DISTRIBUIDORA INTERNACIONAL DE MEDICAMENTOS Y EQUIPO MÉDICO, S.A. DE C.V.",LA-012NBB001-E8-2346,SUBROGADA,HGMGG-LPN-01-2346,010.000.2824.00,02-01-0238,"POLIMIXIMA/NEOMICINA, 500000 UI,  3.5 MG",TUBO,,GLUBACIDA,$23.29,1237
"DISTRIBUIDORA INTERNACIONAL DE MEDICAMENTOS Y EQUIPO MÉDICO, S.A. DE C.V.",LA-012NBB001-E8-2347,SUBROGADA,HGMGG-LPN-01-2347,010.000.2824.00,02-01-0544,"POLIMIXINA/NEOMICINA/BACITRACINA, 40  G",TUBO,,UCB DE MEXICO S A DE C V,$223.53,1
"DISTRIBUIDORA INTERNACIONAL DE MEDICAMENTOS Y EQUIPO MÉDICO, S.A. DE C.V.",LA-012NBB001-E8-2348,SUBROGADA,HGMGG-LPN-01-2348,010.000.0573.00,02-01-0335,"PRAZOSINA, 1 MG",CÁPSULA,,"LABORATORIO BIOQUIMICO MEXICANO, S.A. DE C.V.",$0.53,1831
"DISTRIBUIDORA INTERNACIONAL DE MEDICAMENTOS Y EQUIPO MÉDICO, S.A. DE C.V.",LA-012NBB001-E8-2349,SUBROGADA,HGMGG-LPN-01-2349,010.000.2841.00,02-01-0833,"PREDNISOLONA 1%, 5MG/ML",FRASCO GOTERO,,"LABORATORIOS PISA, S.A. DE C.V.",$37.61,6
"DISTRIBUIDORA INTERNACIONAL DE MEDICAMENTOS Y EQUIPO MÉDICO, S.A. DE C.V.",LA-012NBB001-E8-2350,SUBROGADA,HGMGG-LPN-01-2350,FCB,02-01-0834,"PREDNISONA, 20 MG",TABLETA,,"IMPORTADORA Y MANUFACTURERA BRULUART, S.A.",$17.99,535
"DISTRIBUIDORA INTERNACIONAL DE MEDICAMENTOS Y EQUIPO MÉDICO, S.A. DE C.V.",LA-012NBB001-E8-2351,SUBROGADA,HGMGG-LPN-01-2351,010.000.0472.00  (20),02-01-0243,"PREDNISONA, 5 MG",TABLETA,,"LABORATORIOS PISA, S.A. DE C.V.",$0.44,156
"DISTRIBUIDORA INTERNACIONAL DE MEDICAMENTOS Y EQUIPO MÉDICO, S.A. DE C.V.",LA-012NBB001-E8-2352,SUBROGADA,HGMGG-LPN-01-2352,010.000.0473.00  (20),02-01-0244,"PREDNISONA, 50 MG",TABLETA,,"LABORATORIOS PISA, S.A. DE C.V.",$1.42,182
"DISTRIBUIDORA INTERNACIONAL DE MEDICAMENTOS Y EQUIPO MÉDICO, S.A. DE C.V.",LA-012NBB001-E8-2353,SUBROGADA,HGMGG-LPN-01-2353,010.000.4058.00  ,02-01-0169,"PRILOCAINA/FELIPRESINA, 5.4 MG/ 0.054 MG, 1.8  ML",CARTUCHO DENTAL,,PRISTESIN-F,$7.27,0
"DISTRIBUIDORA INTERNACIONAL DE MEDICAMENTOS Y EQUIPO MÉDICO, S.A. DE C.V.",LA-012NBB001-E8-2354,SUBROGADA,HGMGG-LPN-01-2354,FCB,02-01-0835,"PROGESTERONA MICRONIZADA, 100 MG",PERLA,,"LABORATORIES BESINS INTERNATIONAL, S.A. ",$24.35,10
"DISTRIBUIDORA INTERNACIONAL DE MEDICAMENTOS Y EQUIPO MÉDICO, S.A. DE C.V.",LA-012NBB001-E8-2355,SUBROGADA,HGMGG-LPN-01-2355,FCB,02-01-0784,"PROGESTERONA,  200MG/2ML",JERINGA PRELLENADA,,"FERRING, S.A. DE C.V.",$973.86,0
"DISTRIBUIDORA INTERNACIONAL DE MEDICAMENTOS Y EQUIPO MÉDICO, S.A. DE C.V.",LA-012NBB001-E8-2356,SUBROGADA,HGMGG-LPN-01-2356,MISMA CONCENTRACIÓN VOLÚMEN DIFERENTE AL CBMSS(010.000.0245.00),02-01-0659,"PROPOFOL 1%, 1 G/100 ML",ÁMPULA,,"LABORATORIOS PISA, S.A. DE C.V.",$776.94,2012
"DISTRIBUIDORA INTERNACIONAL DE MEDICAMENTOS Y EQUIPO MÉDICO, S.A. DE C.V.",LA-012NBB001-E8-2357,SUBROGADA,HGMGG-LPN-01-2357,FCB,02-01-0692,"PROPOFOL 2%, 20 MG/ML, 50 ML",FRASCO ÁMPULA,,"LABORATORIOS PISA, S.A. DE C.V.","$1,058.94",572
"DISTRIBUIDORA INTERNACIONAL DE MEDICAMENTOS Y EQUIPO MÉDICO, S.A. DE C.V.",LA-012NBB001-E8-2358,SUBROGADA,HGMGG-LPN-01-2358,010.000.0244.00/010.000.0246.00  (5),02-01-0246,"PROPOFOL 2%, 200 MG/20 ML",ÁMPULA,,"LABORATORIOS PISA, S.A. DE C.V.",$681.62,2302
"DISTRIBUIDORA INTERNACIONAL DE MEDICAMENTOS Y EQUIPO MÉDICO, S.A. DE C.V.",LA-012NBB001-E8-2359,SUBROGADA,HGMGG-LPN-01-2359,010.000.0245.00,02-01-0614,"PROPOFOL,  500 MG / 50 ML",FRASCO ÁMPULA,,FRESOFOL 1%,$386.22,870
"DISTRIBUIDORA INTERNACIONAL DE MEDICAMENTOS Y EQUIPO MÉDICO, S.A. DE C.V.",LA-012NBB001-E8-2360,SUBROGADA,HGMGG-LPN-01-2360,FCB,02-01-0247,"PROPRANOLOL, 10  MG/ML",ÁMPULA,,"LABORATORIO ICARO, S.A.",$833.34,0
"DISTRIBUIDORA INTERNACIONAL DE MEDICAMENTOS Y EQUIPO MÉDICO, S.A. DE C.V.",LA-012NBB001-E8-2361,SUBROGADA,HGMGG-LPN-01-2361,010.000.0530.00  (30),02-01-0248,"PROPRANOLOL, 40 MG",TABLETA,,SINTASER,$0.32,836
"DISTRIBUIDORA INTERNACIONAL DE MEDICAMENTOS Y EQUIPO MÉDICO, S.A. DE C.V.",LA-012NBB001-E8-2362,SUBROGADA,HGMGG-LPN-01-2362,FCB,02-01-0849,"PROSTAGLANDINAS, 500 MCG/ML",ÁMPULA,,CARINTIA PHARMA S.A.P.I. DE C.V.,"$7,035.07",0
"DISTRIBUIDORA INTERNACIONAL DE MEDICAMENTOS Y EQUIPO MÉDICO, S.A. DE C.V.",LA-012NBB001-E8-2363,SUBROGADA,HGMGG-LPN-01-2363,010.000.5236.00,02-01-0743,"RANIBIZUMAB,  2.3 MG/0.23 ML ",FRASCO ÁMPULA,,LUCENTIS,"$10,403.25",305
"DISTRIBUIDORA INTERNACIONAL DE MEDICAMENTOS Y EQUIPO MÉDICO, S.A. DE C.V.",LA-012NBB001-E8-2364,SUBROGADA,HGMGG-LPN-01-2364,010.000.1233.00  (20),02-01-0252,"RANITIDINA, 150 MG",TABLETA,,"LABORATORIOS PISA, S.A. DE C.V.",$0.44,175
"DISTRIBUIDORA INTERNACIONAL DE MEDICAMENTOS Y EQUIPO MÉDICO, S.A. DE C.V.",LA-012NBB001-E8-2365,SUBROGADA,HGMGG-LPN-01-2365,010.000.2151.00,02-01-0504,"RANITIDINA, 150 MG/10 ML",FRASCO,,PHARTIDINE,$77.71,8
"DISTRIBUIDORA INTERNACIONAL DE MEDICAMENTOS Y EQUIPO MÉDICO, S.A. DE C.V.",LA-012NBB001-E8-2366,SUBROGADA,HGMGG-LPN-01-2366,010.000.1234.00  (5),02-01-0251,"RANITIDINA, 50 MG/2 ML",ÁMPULA,,"LABORATORIOS PISA, S.A. DE C.V.",$2.58,6037
"DISTRIBUIDORA INTERNACIONAL DE MEDICAMENTOS Y EQUIPO MÉDICO, S.A. DE C.V.",LA-012NBB001-E8-2367,SUBROGADA,HGMGG-LPN-01-2367,040.000.0248.00,02-02-0086,"REMIFENTANILO, 2 MG",FRASCO ÁMPULA,,"ASPEN LABS, S.A. DE C.V.",$175.00,0
"DISTRIBUIDORA INTERNACIONAL DE MEDICAMENTOS Y EQUIPO MÉDICO, S.A. DE C.V.",LA-012NBB001-E8-2368,SUBROGADA,HGMGG-LPN-01-2368,010.000.2414.00  (240),02-01-0514,"RIFAMPICINA 150 MG, ISONIACIDA 75 MG, PIRAZINAMIDA 400 MG, ETAMBUTOL 300 MG",TABLETA,,RINIMIDA,$2.57,0
"DISTRIBUIDORA INTERNACIONAL DE MEDICAMENTOS Y EQUIPO MÉDICO, S.A. DE C.V.",LA-012NBB001-E8-2369,SUBROGADA,HGMGG-LPN-01-2369,010.000.2410.00,02-01-0528,"RIFAMPICINA, 100 MG/5 ML",FRASCO,,"SANOFI AVENTIS WINTHROP, S.A. DE C.V.",$439.04,2
"DISTRIBUIDORA INTERNACIONAL DE MEDICAMENTOS Y EQUIPO MÉDICO, S.A. DE C.V.",LA-012NBB001-E8-2370,SUBROGADA,HGMGG-LPN-01-2370,010.000.2409.00/010.000.2409.01  (1000 Y 120),02-01-0254,"RIFAMPICINA, 300 MG",CÁPSULA,,EURIFAM,$59.60,81
"DISTRIBUIDORA INTERNACIONAL DE MEDICAMENTOS Y EQUIPO MÉDICO, S.A. DE C.V.",LA-012NBB001-E8-2371,SUBROGADA,HGMGG-LPN-01-2371,040.000.3262.00,02-02-0085,"RISPERIDONA, 100 MG/100 ML, 60 ML",FRASCO GOTERO,,"LABORATORIOS PISA, S.A. DE C.V.",$538.07,19
"DISTRIBUIDORA INTERNACIONAL DE MEDICAMENTOS Y EQUIPO MÉDICO, S.A. DE C.V.",LA-012NBB001-E8-2372,SUBROGADA,HGMGG-LPN-01-2372,040.000.3258.00  (40),02-02-0078,"RISPERIDONA, 2 MG",TABLETA,,"LABORATORIOS PISA, S.A. DE C.V.",$0.49,124
"DISTRIBUIDORA INTERNACIONAL DE MEDICAMENTOS Y EQUIPO MÉDICO, S.A. DE C.V.",LA-012NBB001-E8-2373,SUBROGADA,HGMGG-LPN-01-2373,010.000.4059.00  (12),02-01-0611,"ROCURONIO, BROMURO DE, 50 MG/5 ML",FRASCO ÁMPULA,,"LABORATORIOS PISA, S.A. DE C.V.",$212.70,3531
"DISTRIBUIDORA INTERNACIONAL DE MEDICAMENTOS Y EQUIPO MÉDICO, S.A. DE C.V.",LA-012NBB001-E8-2374,SUBROGADA,HGMGG-LPN-01-2374,010.000.0270.00  (5),02-01-0733,"ROPIVACAINA  75%, 7.5 MG/ML",ÁMPULA,,"LABORATORIOS PISA, S.A. DE C.V.",$164.78,1162
"DISTRIBUIDORA INTERNACIONAL DE MEDICAMENTOS Y EQUIPO MÉDICO, S.A. DE C.V.",LA-012NBB001-E8-2375,SUBROGADA,HGMGG-LPN-01-2375,010.000.0269.00  (5),02-01-0720,"ROPIVACAINA, 2MG/ML",ÁMPULA,,"LABORATORIOS PISA, S.A. DE C.V.",$82.38,1014
"DISTRIBUIDORA INTERNACIONAL DE MEDICAMENTOS Y EQUIPO MÉDICO, S.A. DE C.V.",LA-012NBB001-E8-2376,SUBROGADA,HGMGG-LPN-01-2376,010.000.0439.00,02-01-0256,"SALBUTAMOL, 0.50 G/10 ML, P/RESPIRADOR",FRASCO,,"LABORATORIOS PISA, S.A. DE C.V.",$25.75,431
"DISTRIBUIDORA INTERNACIONAL DE MEDICAMENTOS Y EQUIPO MÉDICO, S.A. DE C.V.",LA-012NBB001-E8-2377,SUBROGADA,HGMGG-LPN-01-2377,010.000.0429.00,02-01-0257,"SALBUTAMOL, 20 MG",INHALADOR,,"INTER LAB PHARMACEUTICA, S.A. DE C.V.",$26.92,44
"DISTRIBUIDORA INTERNACIONAL DE MEDICAMENTOS Y EQUIPO MÉDICO, S.A. DE C.V.",LA-012NBB001-E8-2378,SUBROGADA,HGMGG-LPN-01-2378,010.000.2188.00,02-01-0671,"SALBUTAMOL/BROMURO DE IPRATROPIO, 2.5 MG",ÁMPULA,,"LABORATORIOS PISA, S.A. DE C.V.",$13.38,5726
"DISTRIBUIDORA INTERNACIONAL DE MEDICAMENTOS Y EQUIPO MÉDICO, S.A. DE C.V.",LA-012NBB001-E8-2379,SUBROGADA,HGMGG-LPN-01-2379,010.000.1272.00 (20),02-01-0502,"SENOSIDOS A - B, 8.6. MG",TABLETA,,SEKELAX,$0.79,3744
"DISTRIBUIDORA INTERNACIONAL DE MEDICAMENTOS Y EQUIPO MÉDICO, S.A. DE C.V.",LA-012NBB001-E8-2380,SUBROGADA,HGMGG-LPN-01-2380,040.000.4484.00  (14),02-01-0612,"SERTRALINA, 50 MG",TABLETA,,"LABORATORIOS PISA, S.A. DE C.V.",$15.68,243
"DISTRIBUIDORA INTERNACIONAL DE MEDICAMENTOS Y EQUIPO MÉDICO, S.A. DE C.V.",LA-012NBB001-E8-2381,SUBROGADA,HGMGG-LPN-01-2381,010.000.5176.00  (40),02-01-0262,"SUCRALFATO,  1 G",TABLETA,,ALIVOATO,$1.02,1333
"DISTRIBUIDORA INTERNACIONAL DE MEDICAMENTOS Y EQUIPO MÉDICO, S.A. DE C.V.",LA-012NBB001-E8-2382,SUBROGADA,HGMGG-LPN-01-2382,FCB,02-02-0087,"SUFENTANILO,  0.250 MG/5 ML",ÁMPULA,,"LABORATORIOS PISA, S.A. DE C.V.",$165.54,0
"DISTRIBUIDORA INTERNACIONAL DE MEDICAMENTOS Y EQUIPO MÉDICO, S.A. DE C.V.",LA-012NBB001-E8-2383,SUBROGADA,HGMGG-LPN-01-2383,FCB,02-01-0776,"SUGAMMADEX , 200 MG/ML ",FRASCO ÁMPULA,,"MERCK SHARP & DOHME DE MEXICO, S.A. DE C.V.","$2,443.04",363
"DISTRIBUIDORA INTERNACIONAL DE MEDICAMENTOS Y EQUIPO MÉDICO, S.A. DE C.V.",LA-012NBB001-E8-2384,SUBROGADA,HGMGG-LPN-01-2384,FCB,02-01-0741,"SULFADIAZINA DE PLATA 1%, 160 G",TUBO,,ARGENTAFIL,$346.77,7
"DISTRIBUIDORA INTERNACIONAL DE MEDICAMENTOS Y EQUIPO MÉDICO, S.A. DE C.V.",LA-012NBB001-E8-2385,SUBROGADA,HGMGG-LPN-01-2385,FCB,F.C.B.,"SULFADIAZINA DE PLATA MICRONIZADA,  SPRAY",FRASCO  ,,ARGENTAFIL,$540.98,6
"DISTRIBUIDORA INTERNACIONAL DE MEDICAMENTOS Y EQUIPO MÉDICO, S.A. DE C.V.",LA-012NBB001-E8-2386,SUBROGADA,HGMGG-LPN-01-2386,010.000.4126.00,02-01-0266,"SULFADIAZINA PLATA, 375 G",TARRO,,BIOARGIROL-C,$211.32,0
"DISTRIBUIDORA INTERNACIONAL DE MEDICAMENTOS Y EQUIPO MÉDICO, S.A. DE C.V.",LA-012NBB001-E8-2387,SUBROGADA,HGMGG-LPN-01-2387,010.000.3629.00  (100),02-01-0267,"SULFATO  DE  MAGNESIO, 1 G/10 ML",ÁMPULA,,"LABORATORIOS PISA, S.A. DE C.V.",$5.31,7298
"DISTRIBUIDORA INTERNACIONAL DE MEDICAMENTOS Y EQUIPO MÉDICO, S.A. DE C.V.",LA-012NBB001-E8-2388,SUBROGADA,HGMGG-LPN-01-2388,010.000.1703.00  (30),02-01-0269,"SULFATO  FERROSO  DESECADO, 200 MG",TABLETA,,"BIORESEARCH DE MEXICO, S.A. DE C.V.",$0.26,34
"DISTRIBUIDORA INTERNACIONAL DE MEDICAMENTOS Y EQUIPO MÉDICO, S.A. DE C.V.",LA-012NBB001-E8-2389,SUBROGADA,HGMGG-LPN-01-2389,FCB,02-01-0780,"SULFATO DE ZINC, 10 ML",AMPULA,,BIOSANO,$862.50,0
"DISTRIBUIDORA INTERNACIONAL DE MEDICAMENTOS Y EQUIPO MÉDICO, S.A. DE C.V.",LA-012NBB001-E8-2390,SUBROGADA,HGMGG-LPN-01-2390,FCB,02-01-0270,"SULFATO FERROSO,  125 MG/ ML, 15 ML",FRASCO,,FORRCIL,$21.74,13
"DISTRIBUIDORA INTERNACIONAL DE MEDICAMENTOS Y EQUIPO MÉDICO, S.A. DE C.V.",LA-012NBB001-E8-2391,SUBROGADA,HGMGG-LPN-01-2391,010.000.0252.00  (5),02-01-0261,"SUXAMETONIO, 40 MG/2 ML",ÁMPULA,,"LABORATORIOS PISA, S.A. DE C.V.",$49.94,320
"DISTRIBUIDORA INTERNACIONAL DE MEDICAMENTOS Y EQUIPO MÉDICO, S.A. DE C.V.",LA-012NBB001-E8-2392,SUBROGADA,HGMGG-LPN-01-2392,FCB,02-01-0839,"TAPENTADOL, 100 MG",TABLETA DE LIBERACIÓN PROLONGADA,,PALEXIA RETARD,$42.55,0
"DISTRIBUIDORA INTERNACIONAL DE MEDICAMENTOS Y EQUIPO MÉDICO, S.A. DE C.V.",LA-012NBB001-E8-2393,SUBROGADA,HGMGG-LPN-01-2393,FCB,02-01-0844,"TAPENTADOL, 50 MG",TABLETA DE LIBERACIÓN RÁPIDA,,PALEXIA RETARD,$23.14,0
"DISTRIBUIDORA INTERNACIONAL DE MEDICAMENTOS Y EQUIPO MÉDICO, S.A. DE C.V.",LA-012NBB001-E8-2395,SUBROGADA,HGMGG-LPN-01-2395,010.000.5191.00,02-01-0704,"TERLIPRESINA, 1 MG",FRASCO ÁMPULA,FRASCO ÁMPULA,"LABORATORIOS PISA, S.A. DE C.V.",$974.47,639
"DISTRIBUIDORA INTERNACIONAL DE MEDICAMENTOS Y EQUIPO MÉDICO, S.A. DE C.V.",LA-012NBB001-E8-2396,SUBROGADA,HGMGG-LPN-01-2396,010.000.4407.00,02-01-0242,"TETRACAINA, 5 MG",FRASCO GOTERO,FRASCO GOTERO,PONTI OFTENO,$64.69,268
"DISTRIBUIDORA INTERNACIONAL DE MEDICAMENTOS Y EQUIPO MÉDICO, S.A. DE C.V.",LA-012NBB001-E8-2397,SUBROGADA,HGMGG-LPN-01-2397,010.000.5395.00  (3),02-01-0282,"TIAMINA/RIBOFLAVINA, 10 ML",FRASCO ÁMPULA,,DEXTREVIT,$634.43,123
"DISTRIBUIDORA INTERNACIONAL DE MEDICAMENTOS Y EQUIPO MÉDICO, S.A. DE C.V.",LA-012NBB001-E8-2398,SUBROGADA,HGMGG-LPN-01-2398,010.000.4590.00,02-01-0726,"TIGECICLINA, 50 MG",ÁMPULA,,"LABORATORIOS PISA, S.A. DE C.V.",$769.72,407
"DISTRIBUIDORA INTERNACIONAL DE MEDICAMENTOS Y EQUIPO MÉDICO, S.A. DE C.V.",LA-012NBB001-E8-2399,SUBROGADA,HGMGG-LPN-01-2399,FCB,02-01-0481,"TIMOLOL, 5 MG/ ML, 5 ML",FRASCO GOTERO,,ZINHYPOC,$20.24,5
"DISTRIBUIDORA INTERNACIONAL DE MEDICAMENTOS Y EQUIPO MÉDICO, S.A. DE C.V.",LA-012NBB001-E8-2400,SUBROGADA,HGMGG-LPN-01-2400,FCB,02-02-0061,"TIOPENTAL SODICO, 1 G",FRASCO ÁMPULA,,"LABORATORIOS PISA, S.A. DE C.V.",$61.77,0
"DISTRIBUIDORA INTERNACIONAL DE MEDICAMENTOS Y EQUIPO MÉDICO, S.A. DE C.V.",LA-012NBB001-E8-2401,SUBROGADA,HGMGG-LPN-01-2401,FCB,02-02-0083,"TIOPENTAL, 500 MG/20 ML",FRASCO ÁMPULA,,"LABORATORIOS PISA, S.A. DE C.V.",$61.74,0
"DISTRIBUIDORA INTERNACIONAL DE MEDICAMENTOS Y EQUIPO MÉDICO, S.A. DE C.V.",LA-012NBB001-E8-2402,SUBROGADA,HGMGG-LPN-01-2402,010.000.5337.00  (14),02-01-0746,"TOBRAMICINA, 3 MG/ML",FRASCO GOTERO,,TRAZIL OFTENO,$129.38,67
"DISTRIBUIDORA INTERNACIONAL DE MEDICAMENTOS Y EQUIPO MÉDICO, S.A. DE C.V.",LA-012NBB001-E8-2403,SUBROGADA,HGMGG-LPN-01-2403,010.000.5365.00/010.000.5365.01  (60 Y 100),02-01-0764,"TOPIRAMATO, 25 MG  ",TABLETA,,NABIAN-K,$2.62,25
"DISTRIBUIDORA INTERNACIONAL DE MEDICAMENTOS Y EQUIPO MÉDICO, S.A. DE C.V.",LA-012NBB001-E8-2404,SUBROGADA,HGMGG-LPN-01-2404,010.000.4362.00,02-01-0624,"TOXINA BOTULINICA TIPO ""A"",  100 UI",FRASCO ÁMPULA,,BOTOX,"$6,715.10",15
"DISTRIBUIDORA INTERNACIONAL DE MEDICAMENTOS Y EQUIPO MÉDICO, S.A. DE C.V.",LA-012NBB001-E8-2405,SUBROGADA,HGMGG-LPN-01-2405,FCB,02-01-0619,"TRAMADOL RETARD, 100 MG",COMPRIMIDO LIB PROL,,TRADOL RETARD,$302.32,41
"DISTRIBUIDORA INTERNACIONAL DE MEDICAMENTOS Y EQUIPO MÉDICO, S.A. DE C.V.",LA-012NBB001-E8-2406,SUBROGADA,HGMGG-LPN-01-2406,040.000.2106.00  (5),02-01-0648,"TRAMADOL, 100 MG/2 ML",ÁMPULA,,VIDACAP,$22.99,9666
"DISTRIBUIDORA INTERNACIONAL DE MEDICAMENTOS Y EQUIPO MÉDICO, S.A. DE C.V.",LA-012NBB001-E8-2407,SUBROGADA,HGMGG-LPN-01-2407,FCB,02-01-0620,"TRAMADOL, 100 MG/ML",FRASCO GOTERO,,VIDACAP,$33.08,320
"DISTRIBUIDORA INTERNACIONAL DE MEDICAMENTOS Y EQUIPO MÉDICO, S.A. DE C.V.",LA-012NBB001-E8-2408,SUBROGADA,HGMGG-LPN-01-2408,010.000.4418.00,02-02-0845,"TRAVOPROST, 0.004%",FRASCO GOTERO,,ZAFESTROL,$253.00,0
"DISTRIBUIDORA INTERNACIONAL DE MEDICAMENTOS Y EQUIPO MÉDICO, S.A. DE C.V.",LA-012NBB001-E8-2409,SUBROGADA,HGMGG-LPN-01-2409,040.000.3206.00,02-02-0075,"TRIAZOLAM, 0.125 MG",TABLETA,,HALCION,$12.02,0
"DISTRIBUIDORA INTERNACIONAL DE MEDICAMENTOS Y EQUIPO MÉDICO, S.A. DE C.V.",LA-012NBB001-E8-2410,SUBROGADA,HGMGG-LPN-01-2410,010.000.5255.00  (6),02-01-0336,"TRIMETOPRIM/SULFAMETOXAZOL, 0.800 G/3 ML",ÁMPULA,,"LABORATORIOS PISA, S.A. DE C.V.",$11.50,1010
"DISTRIBUIDORA INTERNACIONAL DE MEDICAMENTOS Y EQUIPO MÉDICO, S.A. DE C.V.",LA-012NBB001-E8-2411,SUBROGADA,HGMGG-LPN-01-2411,010.000.1904.00,02-01-0529,"TRIMETOPRIM/SULFAMETOXAZOL, 40 MG/5 ML",FRASCO,,SOLTRIM,$22.57,0
"DISTRIBUIDORA INTERNACIONAL DE MEDICAMENTOS Y EQUIPO MÉDICO, S.A. DE C.V.",LA-012NBB001-E8-2412,SUBROGADA,HGMGG-LPN-01-2412,010.000.1903.00  (20),02-01-0277,"TRIMETOPRIMA/SULFAMETOXAZOL, 80 MG",CÁPSULA/TABLETA,,SOLTRIM,$0.50,574
"DISTRIBUIDORA INTERNACIONAL DE MEDICAMENTOS Y EQUIPO MÉDICO, S.A. DE C.V.",LA-012NBB001-E8-2413,SUBROGADA,HGMGG-LPN-01-2413,FCB,02-01-0681,TROPICAMIDA/FENILEFRINA 5MG/50MG/5 ML,FRASCO,,FOTORRETIN,$197.91,210
"DISTRIBUIDORA INTERNACIONAL DE MEDICAMENTOS Y EQUIPO MÉDICO, S.A. DE C.V.",LA-012NBB001-E8-2414,SUBROGADA,HGMGG-LPN-01-2414,010.000.2871.00,02-01-0279,"VANCOMICINA, 500 MG/10 ML",FRASCO ÁMPULA,,"LABORATORIOS PISA, S.A. DE C.V.",$36.52,3373
"DISTRIBUIDORA INTERNACIONAL DE MEDICAMENTOS Y EQUIPO MÉDICO, S.A. DE C.V.",LA-012NBB001-E8-2415,SUBROGADA,HGMGG-LPN-01-2415,010.000.4154.00,02-01-0736,"VASOPRESINA, 20 UI",ÁMPULA,,"LABORATORIOS PISA, S.A. DE C.V.",$339.86,972
"DISTRIBUIDORA INTERNACIONAL DE MEDICAMENTOS Y EQUIPO MÉDICO, S.A. DE C.V.",LA-012NBB001-E8-2416,SUBROGADA,HGMGG-LPN-01-2416,010.000.0254.00,02-01-0324,"VECURONIO, BROMURO DE,  4MG",FRASCO ÁMPULA,,"LABORATORIOS PISA, S.A. DE C.V.",$29.85,245
"DISTRIBUIDORA INTERNACIONAL DE MEDICAMENTOS Y EQUIPO MÉDICO, S.A. DE C.V.",LA-012NBB001-E8-2417,SUBROGADA,HGMGG-LPN-01-2417,010.000.0598.00,02-01-0280,"VERAPAMILO, 5 MG/2 ML",ÁMPULA,,VERAKEN,$22.71,0
"DISTRIBUIDORA INTERNACIONAL DE MEDICAMENTOS Y EQUIPO MÉDICO, S.A. DE C.V.",LA-012NBB001-E8-2418,SUBROGADA,HGMGG-LPN-01-2418,010.000.0596.00 (20) ,02-01-0714,"VERAPAMILO, 80 MG",TABLETA,,VEPITALTAX,$0.73,13
"DISTRIBUIDORA INTERNACIONAL DE MEDICAMENTOS Y EQUIPO MÉDICO, S.A. DE C.V.",LA-012NBB001-E8-2419,SUBROGADA,HGMGG-LPN-01-2419,010.000.5383.00,02-01-0284,VITAMINA A + C + D/15 ML,FRASCO,,"LABORATORIOS PISA, S.A. DE C.V.",$26.06,47
"DISTRIBUIDORA INTERNACIONAL DE MEDICAMENTOS Y EQUIPO MÉDICO, S.A. DE C.V.",LA-012NBB001-E8-2420,SUBROGADA,HGMGG-LPN-01-2420,010.000.5318.00,02-01-0708,"VORICONAZOL, 200 MG",FRASCO ÁMPULA,,"LABORATORIOS PISA, S.A. DE C.V.",$575.00,30
